run_index	run_name	replicate	config_file	result_dir	fastq_file	genome	AAV	IS_site_bias	clonality	genome_fnam	AAV_genome_fnam	tes_panel_fnam	prob_file	empirical_sizes	sampling_prob_bed	expansion	events	seed	fastq_md5sum
1	HESI_ISA_simulation_001	rep1	config_files/HESI_ISA_simulation_001.yaml	simulation_output/HESI_ISA_simulation_001	rep1_simulated_reads.fastq.gz	HG001	CMV-EGFP-WPRE	uniform	900/100	../genomes/HG001_GRCh38.hap1.fa	../AAVs/CMV-EGFP-WPRE/CMV-EGFP-WPRE.fa	../AAVs/CMV-EGFP-WPRE/CMV-EGFP-WPRE_tes_panel.fa	../AAVs/CMV-EGFP-WPRE/CMV-EGFP-WPRE_breakend_prob.bed	../AAVs/CMV-EGFP-WPRE/CMV-EGFP-WPRE_ISlen.txt		[900, 1]	101	1	3e2231b93cbac6025497f3b9171ead90
1	HESI_ISA_simulation_001	rep2	config_files/HESI_ISA_simulation_001.yaml	simulation_output/HESI_ISA_simulation_001	rep2_simulated_reads.fastq.gz	HG001	CMV-EGFP-WPRE	uniform	900/100	../genomes/HG001_GRCh38.hap1.fa	../AAVs/CMV-EGFP-WPRE/CMV-EGFP-WPRE.fa	../AAVs/CMV-EGFP-WPRE/CMV-EGFP-WPRE_tes_panel.fa	../AAVs/CMV-EGFP-WPRE/CMV-EGFP-WPRE_breakend_prob.bed	../AAVs/CMV-EGFP-WPRE/CMV-EGFP-WPRE_ISlen.txt		[900, 1]	101	2	b2343f549660e5f4c754065d53fb8641
1	HESI_ISA_simulation_001	rep3	config_files/HESI_ISA_simulation_001.yaml	simulation_output/HESI_ISA_simulation_001	rep3_simulated_reads.fastq.gz	HG001	CMV-EGFP-WPRE	uniform	900/100	../genomes/HG001_GRCh38.hap1.fa	../AAVs/CMV-EGFP-WPRE/CMV-EGFP-WPRE.fa	../AAVs/CMV-EGFP-WPRE/CMV-EGFP-WPRE_tes_panel.fa	../AAVs/CMV-EGFP-WPRE/CMV-EGFP-WPRE_breakend_prob.bed	../AAVs/CMV-EGFP-WPRE/CMV-EGFP-WPRE_ISlen.txt		[900, 1]	101	3	165a298c2384b6ad416ebfca176ed681
2	HESI_ISA_simulation_002	rep1	config_files/HESI_ISA_simulation_002.yaml	simulation_output/HESI_ISA_simulation_002	rep1_simulated_reads.fastq.gz	HG001	CMV-EGFP-WPRE	uniform	500/500	../genomes/HG001_GRCh38.hap1.fa	../AAVs/CMV-EGFP-WPRE/CMV-EGFP-WPRE.fa	../AAVs/CMV-EGFP-WPRE/CMV-EGFP-WPRE_tes_panel.fa	../AAVs/CMV-EGFP-WPRE/CMV-EGFP-WPRE_breakend_prob.bed	../AAVs/CMV-EGFP-WPRE/CMV-EGFP-WPRE_ISlen.txt		[500, 1]	501	101	050cb6a9918d4c386414aba514a81a98
2	HESI_ISA_simulation_002	rep2	config_files/HESI_ISA_simulation_002.yaml	simulation_output/HESI_ISA_simulation_002	rep2_simulated_reads.fastq.gz	HG001	CMV-EGFP-WPRE	uniform	500/500	../genomes/HG001_GRCh38.hap1.fa	../AAVs/CMV-EGFP-WPRE/CMV-EGFP-WPRE.fa	../AAVs/CMV-EGFP-WPRE/CMV-EGFP-WPRE_tes_panel.fa	../AAVs/CMV-EGFP-WPRE/CMV-EGFP-WPRE_breakend_prob.bed	../AAVs/CMV-EGFP-WPRE/CMV-EGFP-WPRE_ISlen.txt		[500, 1]	501	102	90f174d22c59d9cf2e20efc7f8a37329
2	HESI_ISA_simulation_002	rep3	config_files/HESI_ISA_simulation_002.yaml	simulation_output/HESI_ISA_simulation_002	rep3_simulated_reads.fastq.gz	HG001	CMV-EGFP-WPRE	uniform	500/500	../genomes/HG001_GRCh38.hap1.fa	../AAVs/CMV-EGFP-WPRE/CMV-EGFP-WPRE.fa	../AAVs/CMV-EGFP-WPRE/CMV-EGFP-WPRE_tes_panel.fa	../AAVs/CMV-EGFP-WPRE/CMV-EGFP-WPRE_breakend_prob.bed	../AAVs/CMV-EGFP-WPRE/CMV-EGFP-WPRE_ISlen.txt		[500, 1]	501	103	47a01c35caf5793795a10bf8aa0c3fa2
3	HESI_ISA_simulation_003	rep1	config_files/HESI_ISA_simulation_003.yaml	simulation_output/HESI_ISA_simulation_003	rep1_simulated_reads.fastq.gz	HG001	CMV-EGFP-WPRE	uniform	100/900	../genomes/HG001_GRCh38.hap1.fa	../AAVs/CMV-EGFP-WPRE/CMV-EGFP-WPRE.fa	../AAVs/CMV-EGFP-WPRE/CMV-EGFP-WPRE_tes_panel.fa	../AAVs/CMV-EGFP-WPRE/CMV-EGFP-WPRE_breakend_prob.bed	../AAVs/CMV-EGFP-WPRE/CMV-EGFP-WPRE_ISlen.txt		[100, 1]	901	201	d996953d0c799f7077815fad4072ab68
3	HESI_ISA_simulation_003	rep2	config_files/HESI_ISA_simulation_003.yaml	simulation_output/HESI_ISA_simulation_003	rep2_simulated_reads.fastq.gz	HG001	CMV-EGFP-WPRE	uniform	100/900	../genomes/HG001_GRCh38.hap1.fa	../AAVs/CMV-EGFP-WPRE/CMV-EGFP-WPRE.fa	../AAVs/CMV-EGFP-WPRE/CMV-EGFP-WPRE_tes_panel.fa	../AAVs/CMV-EGFP-WPRE/CMV-EGFP-WPRE_breakend_prob.bed	../AAVs/CMV-EGFP-WPRE/CMV-EGFP-WPRE_ISlen.txt		[100, 1]	901	202	efd1f261fb0507e73ee72779e158e84e
3	HESI_ISA_simulation_003	rep3	config_files/HESI_ISA_simulation_003.yaml	simulation_output/HESI_ISA_simulation_003	rep3_simulated_reads.fastq.gz	HG001	CMV-EGFP-WPRE	uniform	100/900	../genomes/HG001_GRCh38.hap1.fa	../AAVs/CMV-EGFP-WPRE/CMV-EGFP-WPRE.fa	../AAVs/CMV-EGFP-WPRE/CMV-EGFP-WPRE_tes_panel.fa	../AAVs/CMV-EGFP-WPRE/CMV-EGFP-WPRE_breakend_prob.bed	../AAVs/CMV-EGFP-WPRE/CMV-EGFP-WPRE_ISlen.txt		[100, 1]	901	203	511d15170987f6aeebbe52747624a7cd
4	HESI_ISA_simulation_004	rep1	config_files/HESI_ISA_simulation_004.yaml	simulation_output/HESI_ISA_simulation_004	rep1_simulated_reads.fastq.gz	HG001	CMV-EGFP-WPRE	uniform	1000	../genomes/HG001_GRCh38.hap1.fa	../AAVs/CMV-EGFP-WPRE/CMV-EGFP-WPRE.fa	../AAVs/CMV-EGFP-WPRE/CMV-EGFP-WPRE_tes_panel.fa	../AAVs/CMV-EGFP-WPRE/CMV-EGFP-WPRE_breakend_prob.bed	../AAVs/CMV-EGFP-WPRE/CMV-EGFP-WPRE_ISlen.txt		1	1000	301	858642489604bde54155a0733f7fa7be
4	HESI_ISA_simulation_004	rep2	config_files/HESI_ISA_simulation_004.yaml	simulation_output/HESI_ISA_simulation_004	rep2_simulated_reads.fastq.gz	HG001	CMV-EGFP-WPRE	uniform	1000	../genomes/HG001_GRCh38.hap1.fa	../AAVs/CMV-EGFP-WPRE/CMV-EGFP-WPRE.fa	../AAVs/CMV-EGFP-WPRE/CMV-EGFP-WPRE_tes_panel.fa	../AAVs/CMV-EGFP-WPRE/CMV-EGFP-WPRE_breakend_prob.bed	../AAVs/CMV-EGFP-WPRE/CMV-EGFP-WPRE_ISlen.txt		1	1000	302	580174151f8e4a91d5171efe984cc42f
4	HESI_ISA_simulation_004	rep3	config_files/HESI_ISA_simulation_004.yaml	simulation_output/HESI_ISA_simulation_004	rep3_simulated_reads.fastq.gz	HG001	CMV-EGFP-WPRE	uniform	1000	../genomes/HG001_GRCh38.hap1.fa	../AAVs/CMV-EGFP-WPRE/CMV-EGFP-WPRE.fa	../AAVs/CMV-EGFP-WPRE/CMV-EGFP-WPRE_tes_panel.fa	../AAVs/CMV-EGFP-WPRE/CMV-EGFP-WPRE_breakend_prob.bed	../AAVs/CMV-EGFP-WPRE/CMV-EGFP-WPRE_ISlen.txt		1	1000	303	f0d8f2a1424eb999a45a1a2b35814c4a
5	HESI_ISA_simulation_005	rep1	config_files/HESI_ISA_simulation_005.yaml	simulation_output/HESI_ISA_simulation_005	rep1_simulated_reads.fastq.gz	HG001	CMV-EGFP-WPRE	Liver	900/100	../genomes/HG001_GRCh38.hap1.fa	../AAVs/CMV-EGFP-WPRE/CMV-EGFP-WPRE.fa	../AAVs/CMV-EGFP-WPRE/CMV-EGFP-WPRE_tes_panel.fa	../AAVs/CMV-EGFP-WPRE/CMV-EGFP-WPRE_breakend_prob.bed	../AAVs/CMV-EGFP-WPRE/CMV-EGFP-WPRE_ISlen.txt	../integration_site_bias/liver_integration_bias.bed	[900, 1]	101	401	7f3dadfa5ccc201b79ae8c5272d59bdd
5	HESI_ISA_simulation_005	rep2	config_files/HESI_ISA_simulation_005.yaml	simulation_output/HESI_ISA_simulation_005	rep2_simulated_reads.fastq.gz	HG001	CMV-EGFP-WPRE	Liver	900/100	../genomes/HG001_GRCh38.hap1.fa	../AAVs/CMV-EGFP-WPRE/CMV-EGFP-WPRE.fa	../AAVs/CMV-EGFP-WPRE/CMV-EGFP-WPRE_tes_panel.fa	../AAVs/CMV-EGFP-WPRE/CMV-EGFP-WPRE_breakend_prob.bed	../AAVs/CMV-EGFP-WPRE/CMV-EGFP-WPRE_ISlen.txt	../integration_site_bias/liver_integration_bias.bed	[900, 1]	101	402	81e413697e3167d17ec03aebd0b838f4
5	HESI_ISA_simulation_005	rep3	config_files/HESI_ISA_simulation_005.yaml	simulation_output/HESI_ISA_simulation_005	rep3_simulated_reads.fastq.gz	HG001	CMV-EGFP-WPRE	Liver	900/100	../genomes/HG001_GRCh38.hap1.fa	../AAVs/CMV-EGFP-WPRE/CMV-EGFP-WPRE.fa	../AAVs/CMV-EGFP-WPRE/CMV-EGFP-WPRE_tes_panel.fa	../AAVs/CMV-EGFP-WPRE/CMV-EGFP-WPRE_breakend_prob.bed	../AAVs/CMV-EGFP-WPRE/CMV-EGFP-WPRE_ISlen.txt	../integration_site_bias/liver_integration_bias.bed	[900, 1]	101	403	39e8d7e9e60fba7fc8f505160c697bdd
6	HESI_ISA_simulation_006	rep1	config_files/HESI_ISA_simulation_006.yaml	simulation_output/HESI_ISA_simulation_006	rep1_simulated_reads.fastq.gz	HG001	CMV-EGFP-WPRE	Liver	500/500	../genomes/HG001_GRCh38.hap1.fa	../AAVs/CMV-EGFP-WPRE/CMV-EGFP-WPRE.fa	../AAVs/CMV-EGFP-WPRE/CMV-EGFP-WPRE_tes_panel.fa	../AAVs/CMV-EGFP-WPRE/CMV-EGFP-WPRE_breakend_prob.bed	../AAVs/CMV-EGFP-WPRE/CMV-EGFP-WPRE_ISlen.txt	../integration_site_bias/liver_integration_bias.bed	[500, 1]	501	501	3a5e2926d7230f50023c8c24d7b745d7
6	HESI_ISA_simulation_006	rep2	config_files/HESI_ISA_simulation_006.yaml	simulation_output/HESI_ISA_simulation_006	rep2_simulated_reads.fastq.gz	HG001	CMV-EGFP-WPRE	Liver	500/500	../genomes/HG001_GRCh38.hap1.fa	../AAVs/CMV-EGFP-WPRE/CMV-EGFP-WPRE.fa	../AAVs/CMV-EGFP-WPRE/CMV-EGFP-WPRE_tes_panel.fa	../AAVs/CMV-EGFP-WPRE/CMV-EGFP-WPRE_breakend_prob.bed	../AAVs/CMV-EGFP-WPRE/CMV-EGFP-WPRE_ISlen.txt	../integration_site_bias/liver_integration_bias.bed	[500, 1]	501	502	9d9e397553f5b62df1e4c0db7ac05ed2
6	HESI_ISA_simulation_006	rep3	config_files/HESI_ISA_simulation_006.yaml	simulation_output/HESI_ISA_simulation_006	rep3_simulated_reads.fastq.gz	HG001	CMV-EGFP-WPRE	Liver	500/500	../genomes/HG001_GRCh38.hap1.fa	../AAVs/CMV-EGFP-WPRE/CMV-EGFP-WPRE.fa	../AAVs/CMV-EGFP-WPRE/CMV-EGFP-WPRE_tes_panel.fa	../AAVs/CMV-EGFP-WPRE/CMV-EGFP-WPRE_breakend_prob.bed	../AAVs/CMV-EGFP-WPRE/CMV-EGFP-WPRE_ISlen.txt	../integration_site_bias/liver_integration_bias.bed	[500, 1]	501	503	bd9c1792e9e06f756404ad60cfbd5ae6
7	HESI_ISA_simulation_007	rep1	config_files/HESI_ISA_simulation_007.yaml	simulation_output/HESI_ISA_simulation_007	rep1_simulated_reads.fastq.gz	HG001	CMV-EGFP-WPRE	Liver	100/900	../genomes/HG001_GRCh38.hap1.fa	../AAVs/CMV-EGFP-WPRE/CMV-EGFP-WPRE.fa	../AAVs/CMV-EGFP-WPRE/CMV-EGFP-WPRE_tes_panel.fa	../AAVs/CMV-EGFP-WPRE/CMV-EGFP-WPRE_breakend_prob.bed	../AAVs/CMV-EGFP-WPRE/CMV-EGFP-WPRE_ISlen.txt	../integration_site_bias/liver_integration_bias.bed	[100, 1]	901	601	9835d114988cf8cd1c05d2f90527bea9
7	HESI_ISA_simulation_007	rep2	config_files/HESI_ISA_simulation_007.yaml	simulation_output/HESI_ISA_simulation_007	rep2_simulated_reads.fastq.gz	HG001	CMV-EGFP-WPRE	Liver	100/900	../genomes/HG001_GRCh38.hap1.fa	../AAVs/CMV-EGFP-WPRE/CMV-EGFP-WPRE.fa	../AAVs/CMV-EGFP-WPRE/CMV-EGFP-WPRE_tes_panel.fa	../AAVs/CMV-EGFP-WPRE/CMV-EGFP-WPRE_breakend_prob.bed	../AAVs/CMV-EGFP-WPRE/CMV-EGFP-WPRE_ISlen.txt	../integration_site_bias/liver_integration_bias.bed	[100, 1]	901	602	5c961edbc153307a4ef01d0cfcba40a0
7	HESI_ISA_simulation_007	rep3	config_files/HESI_ISA_simulation_007.yaml	simulation_output/HESI_ISA_simulation_007	rep3_simulated_reads.fastq.gz	HG001	CMV-EGFP-WPRE	Liver	100/900	../genomes/HG001_GRCh38.hap1.fa	../AAVs/CMV-EGFP-WPRE/CMV-EGFP-WPRE.fa	../AAVs/CMV-EGFP-WPRE/CMV-EGFP-WPRE_tes_panel.fa	../AAVs/CMV-EGFP-WPRE/CMV-EGFP-WPRE_breakend_prob.bed	../AAVs/CMV-EGFP-WPRE/CMV-EGFP-WPRE_ISlen.txt	../integration_site_bias/liver_integration_bias.bed	[100, 1]	901	603	147a26028714f6807d933348bbff57f3
8	HESI_ISA_simulation_008	rep1	config_files/HESI_ISA_simulation_008.yaml	simulation_output/HESI_ISA_simulation_008	rep1_simulated_reads.fastq.gz	HG001	CMV-EGFP-WPRE	Liver	1000	../genomes/HG001_GRCh38.hap1.fa	../AAVs/CMV-EGFP-WPRE/CMV-EGFP-WPRE.fa	../AAVs/CMV-EGFP-WPRE/CMV-EGFP-WPRE_tes_panel.fa	../AAVs/CMV-EGFP-WPRE/CMV-EGFP-WPRE_breakend_prob.bed	../AAVs/CMV-EGFP-WPRE/CMV-EGFP-WPRE_ISlen.txt	../integration_site_bias/liver_integration_bias.bed	1	1000	701	8a6033e6afd22c8fa06d536d08905be1
8	HESI_ISA_simulation_008	rep2	config_files/HESI_ISA_simulation_008.yaml	simulation_output/HESI_ISA_simulation_008	rep2_simulated_reads.fastq.gz	HG001	CMV-EGFP-WPRE	Liver	1000	../genomes/HG001_GRCh38.hap1.fa	../AAVs/CMV-EGFP-WPRE/CMV-EGFP-WPRE.fa	../AAVs/CMV-EGFP-WPRE/CMV-EGFP-WPRE_tes_panel.fa	../AAVs/CMV-EGFP-WPRE/CMV-EGFP-WPRE_breakend_prob.bed	../AAVs/CMV-EGFP-WPRE/CMV-EGFP-WPRE_ISlen.txt	../integration_site_bias/liver_integration_bias.bed	1	1000	702	983f50d3fe4f72360ba491d2a16c6354
8	HESI_ISA_simulation_008	rep3	config_files/HESI_ISA_simulation_008.yaml	simulation_output/HESI_ISA_simulation_008	rep3_simulated_reads.fastq.gz	HG001	CMV-EGFP-WPRE	Liver	1000	../genomes/HG001_GRCh38.hap1.fa	../AAVs/CMV-EGFP-WPRE/CMV-EGFP-WPRE.fa	../AAVs/CMV-EGFP-WPRE/CMV-EGFP-WPRE_tes_panel.fa	../AAVs/CMV-EGFP-WPRE/CMV-EGFP-WPRE_breakend_prob.bed	../AAVs/CMV-EGFP-WPRE/CMV-EGFP-WPRE_ISlen.txt	../integration_site_bias/liver_integration_bias.bed	1	1000	703	5dadf7c469bfcb2fc10097f6b561da7b
9	HESI_ISA_simulation_009	rep1	config_files/HESI_ISA_simulation_009.yaml	simulation_output/HESI_ISA_simulation_009	rep1_simulated_reads.fastq.gz	HG001	rAAVrh74.MHCK7.microdystrophin	uniform	900/100	../genomes/HG001_GRCh38.hap1.fa	../AAVs/rAAVrh74.MHCK7.microdystrophin/rAAVrh74.MHCK7.microdystrophin.fa	../AAVs/rAAVrh74.MHCK7.microdystrophin/rAAVrh74.MHCK7.microdystrophin_tes_panel.fa	../AAVs/rAAVrh74.MHCK7.microdystrophin/rAAVrh74.MHCK7.microdystrophin_breakend_prob.bed	../AAVs/rAAVrh74.MHCK7.microdystrophin/rAAVrh74.MHCK7.microdystrophin_ISlen.txt		[900, 1]	101	801	7c297f132d9bd4cd58e99985cc490585
9	HESI_ISA_simulation_009	rep2	config_files/HESI_ISA_simulation_009.yaml	simulation_output/HESI_ISA_simulation_009	rep2_simulated_reads.fastq.gz	HG001	rAAVrh74.MHCK7.microdystrophin	uniform	900/100	../genomes/HG001_GRCh38.hap1.fa	../AAVs/rAAVrh74.MHCK7.microdystrophin/rAAVrh74.MHCK7.microdystrophin.fa	../AAVs/rAAVrh74.MHCK7.microdystrophin/rAAVrh74.MHCK7.microdystrophin_tes_panel.fa	../AAVs/rAAVrh74.MHCK7.microdystrophin/rAAVrh74.MHCK7.microdystrophin_breakend_prob.bed	../AAVs/rAAVrh74.MHCK7.microdystrophin/rAAVrh74.MHCK7.microdystrophin_ISlen.txt		[900, 1]	101	802	ac2fe0acdaaf5d8fd5d796afc2a00fb7
9	HESI_ISA_simulation_009	rep3	config_files/HESI_ISA_simulation_009.yaml	simulation_output/HESI_ISA_simulation_009	rep3_simulated_reads.fastq.gz	HG001	rAAVrh74.MHCK7.microdystrophin	uniform	900/100	../genomes/HG001_GRCh38.hap1.fa	../AAVs/rAAVrh74.MHCK7.microdystrophin/rAAVrh74.MHCK7.microdystrophin.fa	../AAVs/rAAVrh74.MHCK7.microdystrophin/rAAVrh74.MHCK7.microdystrophin_tes_panel.fa	../AAVs/rAAVrh74.MHCK7.microdystrophin/rAAVrh74.MHCK7.microdystrophin_breakend_prob.bed	../AAVs/rAAVrh74.MHCK7.microdystrophin/rAAVrh74.MHCK7.microdystrophin_ISlen.txt		[900, 1]	101	803	2f99dec3d1255c3be9322edb93e81976
10	HESI_ISA_simulation_010	rep1	config_files/HESI_ISA_simulation_010.yaml	simulation_output/HESI_ISA_simulation_010	rep1_simulated_reads.fastq.gz	HG001	rAAVrh74.MHCK7.microdystrophin	uniform	500/500	../genomes/HG001_GRCh38.hap1.fa	../AAVs/rAAVrh74.MHCK7.microdystrophin/rAAVrh74.MHCK7.microdystrophin.fa	../AAVs/rAAVrh74.MHCK7.microdystrophin/rAAVrh74.MHCK7.microdystrophin_tes_panel.fa	../AAVs/rAAVrh74.MHCK7.microdystrophin/rAAVrh74.MHCK7.microdystrophin_breakend_prob.bed	../AAVs/rAAVrh74.MHCK7.microdystrophin/rAAVrh74.MHCK7.microdystrophin_ISlen.txt		[500, 1]	501	901	182db7c09e839927632edb97a95b0210
10	HESI_ISA_simulation_010	rep2	config_files/HESI_ISA_simulation_010.yaml	simulation_output/HESI_ISA_simulation_010	rep2_simulated_reads.fastq.gz	HG001	rAAVrh74.MHCK7.microdystrophin	uniform	500/500	../genomes/HG001_GRCh38.hap1.fa	../AAVs/rAAVrh74.MHCK7.microdystrophin/rAAVrh74.MHCK7.microdystrophin.fa	../AAVs/rAAVrh74.MHCK7.microdystrophin/rAAVrh74.MHCK7.microdystrophin_tes_panel.fa	../AAVs/rAAVrh74.MHCK7.microdystrophin/rAAVrh74.MHCK7.microdystrophin_breakend_prob.bed	../AAVs/rAAVrh74.MHCK7.microdystrophin/rAAVrh74.MHCK7.microdystrophin_ISlen.txt		[500, 1]	501	902	6226a6e10f591f8613f73ffae6b76a7a
10	HESI_ISA_simulation_010	rep3	config_files/HESI_ISA_simulation_010.yaml	simulation_output/HESI_ISA_simulation_010	rep3_simulated_reads.fastq.gz	HG001	rAAVrh74.MHCK7.microdystrophin	uniform	500/500	../genomes/HG001_GRCh38.hap1.fa	../AAVs/rAAVrh74.MHCK7.microdystrophin/rAAVrh74.MHCK7.microdystrophin.fa	../AAVs/rAAVrh74.MHCK7.microdystrophin/rAAVrh74.MHCK7.microdystrophin_tes_panel.fa	../AAVs/rAAVrh74.MHCK7.microdystrophin/rAAVrh74.MHCK7.microdystrophin_breakend_prob.bed	../AAVs/rAAVrh74.MHCK7.microdystrophin/rAAVrh74.MHCK7.microdystrophin_ISlen.txt		[500, 1]	501	903	a86dc798d47ce4b928475d8a53690361
11	HESI_ISA_simulation_011	rep1	config_files/HESI_ISA_simulation_011.yaml	simulation_output/HESI_ISA_simulation_011	rep1_simulated_reads.fastq.gz	HG001	rAAVrh74.MHCK7.microdystrophin	uniform	100/900	../genomes/HG001_GRCh38.hap1.fa	../AAVs/rAAVrh74.MHCK7.microdystrophin/rAAVrh74.MHCK7.microdystrophin.fa	../AAVs/rAAVrh74.MHCK7.microdystrophin/rAAVrh74.MHCK7.microdystrophin_tes_panel.fa	../AAVs/rAAVrh74.MHCK7.microdystrophin/rAAVrh74.MHCK7.microdystrophin_breakend_prob.bed	../AAVs/rAAVrh74.MHCK7.microdystrophin/rAAVrh74.MHCK7.microdystrophin_ISlen.txt		[100, 1]	901	1001	f210ce6956d9934425066d186dcea7bb
11	HESI_ISA_simulation_011	rep2	config_files/HESI_ISA_simulation_011.yaml	simulation_output/HESI_ISA_simulation_011	rep2_simulated_reads.fastq.gz	HG001	rAAVrh74.MHCK7.microdystrophin	uniform	100/900	../genomes/HG001_GRCh38.hap1.fa	../AAVs/rAAVrh74.MHCK7.microdystrophin/rAAVrh74.MHCK7.microdystrophin.fa	../AAVs/rAAVrh74.MHCK7.microdystrophin/rAAVrh74.MHCK7.microdystrophin_tes_panel.fa	../AAVs/rAAVrh74.MHCK7.microdystrophin/rAAVrh74.MHCK7.microdystrophin_breakend_prob.bed	../AAVs/rAAVrh74.MHCK7.microdystrophin/rAAVrh74.MHCK7.microdystrophin_ISlen.txt		[100, 1]	901	1002	e00cb43947d43182c15e47e4b24adf05
11	HESI_ISA_simulation_011	rep3	config_files/HESI_ISA_simulation_011.yaml	simulation_output/HESI_ISA_simulation_011	rep3_simulated_reads.fastq.gz	HG001	rAAVrh74.MHCK7.microdystrophin	uniform	100/900	../genomes/HG001_GRCh38.hap1.fa	../AAVs/rAAVrh74.MHCK7.microdystrophin/rAAVrh74.MHCK7.microdystrophin.fa	../AAVs/rAAVrh74.MHCK7.microdystrophin/rAAVrh74.MHCK7.microdystrophin_tes_panel.fa	../AAVs/rAAVrh74.MHCK7.microdystrophin/rAAVrh74.MHCK7.microdystrophin_breakend_prob.bed	../AAVs/rAAVrh74.MHCK7.microdystrophin/rAAVrh74.MHCK7.microdystrophin_ISlen.txt		[100, 1]	901	1003	41119eb3a2e29f5130a675d812869e70
12	HESI_ISA_simulation_012	rep1	config_files/HESI_ISA_simulation_012.yaml	simulation_output/HESI_ISA_simulation_012	rep1_simulated_reads.fastq.gz	HG001	rAAVrh74.MHCK7.microdystrophin	uniform	1000	../genomes/HG001_GRCh38.hap1.fa	../AAVs/rAAVrh74.MHCK7.microdystrophin/rAAVrh74.MHCK7.microdystrophin.fa	../AAVs/rAAVrh74.MHCK7.microdystrophin/rAAVrh74.MHCK7.microdystrophin_tes_panel.fa	../AAVs/rAAVrh74.MHCK7.microdystrophin/rAAVrh74.MHCK7.microdystrophin_breakend_prob.bed	../AAVs/rAAVrh74.MHCK7.microdystrophin/rAAVrh74.MHCK7.microdystrophin_ISlen.txt		1	1000	1101	67397bb16dcbbf4908b8f5023819cb4d
12	HESI_ISA_simulation_012	rep2	config_files/HESI_ISA_simulation_012.yaml	simulation_output/HESI_ISA_simulation_012	rep2_simulated_reads.fastq.gz	HG001	rAAVrh74.MHCK7.microdystrophin	uniform	1000	../genomes/HG001_GRCh38.hap1.fa	../AAVs/rAAVrh74.MHCK7.microdystrophin/rAAVrh74.MHCK7.microdystrophin.fa	../AAVs/rAAVrh74.MHCK7.microdystrophin/rAAVrh74.MHCK7.microdystrophin_tes_panel.fa	../AAVs/rAAVrh74.MHCK7.microdystrophin/rAAVrh74.MHCK7.microdystrophin_breakend_prob.bed	../AAVs/rAAVrh74.MHCK7.microdystrophin/rAAVrh74.MHCK7.microdystrophin_ISlen.txt		1	1000	1102	438bc0379d528b1792fc21876c80bc7a
12	HESI_ISA_simulation_012	rep3	config_files/HESI_ISA_simulation_012.yaml	simulation_output/HESI_ISA_simulation_012	rep3_simulated_reads.fastq.gz	HG001	rAAVrh74.MHCK7.microdystrophin	uniform	1000	../genomes/HG001_GRCh38.hap1.fa	../AAVs/rAAVrh74.MHCK7.microdystrophin/rAAVrh74.MHCK7.microdystrophin.fa	../AAVs/rAAVrh74.MHCK7.microdystrophin/rAAVrh74.MHCK7.microdystrophin_tes_panel.fa	../AAVs/rAAVrh74.MHCK7.microdystrophin/rAAVrh74.MHCK7.microdystrophin_breakend_prob.bed	../AAVs/rAAVrh74.MHCK7.microdystrophin/rAAVrh74.MHCK7.microdystrophin_ISlen.txt		1	1000	1103	387fe202bb6f5f4f5bad7a2189e92bb2
13	HESI_ISA_simulation_013	rep1	config_files/HESI_ISA_simulation_013.yaml	simulation_output/HESI_ISA_simulation_013	rep1_simulated_reads.fastq.gz	HG001	rAAVrh74.MHCK7.microdystrophin	Liver	900/100	../genomes/HG001_GRCh38.hap1.fa	../AAVs/rAAVrh74.MHCK7.microdystrophin/rAAVrh74.MHCK7.microdystrophin.fa	../AAVs/rAAVrh74.MHCK7.microdystrophin/rAAVrh74.MHCK7.microdystrophin_tes_panel.fa	../AAVs/rAAVrh74.MHCK7.microdystrophin/rAAVrh74.MHCK7.microdystrophin_breakend_prob.bed	../AAVs/rAAVrh74.MHCK7.microdystrophin/rAAVrh74.MHCK7.microdystrophin_ISlen.txt	../integration_site_bias/liver_integration_bias.bed	[900, 1]	101	1201	e9a929e81a4cd8f8e2e5f15ac46e79be
13	HESI_ISA_simulation_013	rep2	config_files/HESI_ISA_simulation_013.yaml	simulation_output/HESI_ISA_simulation_013	rep2_simulated_reads.fastq.gz	HG001	rAAVrh74.MHCK7.microdystrophin	Liver	900/100	../genomes/HG001_GRCh38.hap1.fa	../AAVs/rAAVrh74.MHCK7.microdystrophin/rAAVrh74.MHCK7.microdystrophin.fa	../AAVs/rAAVrh74.MHCK7.microdystrophin/rAAVrh74.MHCK7.microdystrophin_tes_panel.fa	../AAVs/rAAVrh74.MHCK7.microdystrophin/rAAVrh74.MHCK7.microdystrophin_breakend_prob.bed	../AAVs/rAAVrh74.MHCK7.microdystrophin/rAAVrh74.MHCK7.microdystrophin_ISlen.txt	../integration_site_bias/liver_integration_bias.bed	[900, 1]	101	1202	6d859b5662ba3ce86906314ef59cb1c0
13	HESI_ISA_simulation_013	rep3	config_files/HESI_ISA_simulation_013.yaml	simulation_output/HESI_ISA_simulation_013	rep3_simulated_reads.fastq.gz	HG001	rAAVrh74.MHCK7.microdystrophin	Liver	900/100	../genomes/HG001_GRCh38.hap1.fa	../AAVs/rAAVrh74.MHCK7.microdystrophin/rAAVrh74.MHCK7.microdystrophin.fa	../AAVs/rAAVrh74.MHCK7.microdystrophin/rAAVrh74.MHCK7.microdystrophin_tes_panel.fa	../AAVs/rAAVrh74.MHCK7.microdystrophin/rAAVrh74.MHCK7.microdystrophin_breakend_prob.bed	../AAVs/rAAVrh74.MHCK7.microdystrophin/rAAVrh74.MHCK7.microdystrophin_ISlen.txt	../integration_site_bias/liver_integration_bias.bed	[900, 1]	101	1203	1c7f644db6dbba47e1acafed75412ffa
14	HESI_ISA_simulation_014	rep1	config_files/HESI_ISA_simulation_014.yaml	simulation_output/HESI_ISA_simulation_014	rep1_simulated_reads.fastq.gz	HG001	rAAVrh74.MHCK7.microdystrophin	Liver	500/500	../genomes/HG001_GRCh38.hap1.fa	../AAVs/rAAVrh74.MHCK7.microdystrophin/rAAVrh74.MHCK7.microdystrophin.fa	../AAVs/rAAVrh74.MHCK7.microdystrophin/rAAVrh74.MHCK7.microdystrophin_tes_panel.fa	../AAVs/rAAVrh74.MHCK7.microdystrophin/rAAVrh74.MHCK7.microdystrophin_breakend_prob.bed	../AAVs/rAAVrh74.MHCK7.microdystrophin/rAAVrh74.MHCK7.microdystrophin_ISlen.txt	../integration_site_bias/liver_integration_bias.bed	[500, 1]	501	1301	4b98f73dfcad8d303fc658af12fef42a
14	HESI_ISA_simulation_014	rep2	config_files/HESI_ISA_simulation_014.yaml	simulation_output/HESI_ISA_simulation_014	rep2_simulated_reads.fastq.gz	HG001	rAAVrh74.MHCK7.microdystrophin	Liver	500/500	../genomes/HG001_GRCh38.hap1.fa	../AAVs/rAAVrh74.MHCK7.microdystrophin/rAAVrh74.MHCK7.microdystrophin.fa	../AAVs/rAAVrh74.MHCK7.microdystrophin/rAAVrh74.MHCK7.microdystrophin_tes_panel.fa	../AAVs/rAAVrh74.MHCK7.microdystrophin/rAAVrh74.MHCK7.microdystrophin_breakend_prob.bed	../AAVs/rAAVrh74.MHCK7.microdystrophin/rAAVrh74.MHCK7.microdystrophin_ISlen.txt	../integration_site_bias/liver_integration_bias.bed	[500, 1]	501	1302	6a1ca6354b30a8c713dab7e395011469
14	HESI_ISA_simulation_014	rep3	config_files/HESI_ISA_simulation_014.yaml	simulation_output/HESI_ISA_simulation_014	rep3_simulated_reads.fastq.gz	HG001	rAAVrh74.MHCK7.microdystrophin	Liver	500/500	../genomes/HG001_GRCh38.hap1.fa	../AAVs/rAAVrh74.MHCK7.microdystrophin/rAAVrh74.MHCK7.microdystrophin.fa	../AAVs/rAAVrh74.MHCK7.microdystrophin/rAAVrh74.MHCK7.microdystrophin_tes_panel.fa	../AAVs/rAAVrh74.MHCK7.microdystrophin/rAAVrh74.MHCK7.microdystrophin_breakend_prob.bed	../AAVs/rAAVrh74.MHCK7.microdystrophin/rAAVrh74.MHCK7.microdystrophin_ISlen.txt	../integration_site_bias/liver_integration_bias.bed	[500, 1]	501	1303	bcb2bb1d6a4756607e8ce04b0ed77475
15	HESI_ISA_simulation_015	rep1	config_files/HESI_ISA_simulation_015.yaml	simulation_output/HESI_ISA_simulation_015	rep1_simulated_reads.fastq.gz	HG001	rAAVrh74.MHCK7.microdystrophin	Liver	100/900	../genomes/HG001_GRCh38.hap1.fa	../AAVs/rAAVrh74.MHCK7.microdystrophin/rAAVrh74.MHCK7.microdystrophin.fa	../AAVs/rAAVrh74.MHCK7.microdystrophin/rAAVrh74.MHCK7.microdystrophin_tes_panel.fa	../AAVs/rAAVrh74.MHCK7.microdystrophin/rAAVrh74.MHCK7.microdystrophin_breakend_prob.bed	../AAVs/rAAVrh74.MHCK7.microdystrophin/rAAVrh74.MHCK7.microdystrophin_ISlen.txt	../integration_site_bias/liver_integration_bias.bed	[100, 1]	901	1401	6a26abfeac12d061282d43e0b9ba60c4
15	HESI_ISA_simulation_015	rep2	config_files/HESI_ISA_simulation_015.yaml	simulation_output/HESI_ISA_simulation_015	rep2_simulated_reads.fastq.gz	HG001	rAAVrh74.MHCK7.microdystrophin	Liver	100/900	../genomes/HG001_GRCh38.hap1.fa	../AAVs/rAAVrh74.MHCK7.microdystrophin/rAAVrh74.MHCK7.microdystrophin.fa	../AAVs/rAAVrh74.MHCK7.microdystrophin/rAAVrh74.MHCK7.microdystrophin_tes_panel.fa	../AAVs/rAAVrh74.MHCK7.microdystrophin/rAAVrh74.MHCK7.microdystrophin_breakend_prob.bed	../AAVs/rAAVrh74.MHCK7.microdystrophin/rAAVrh74.MHCK7.microdystrophin_ISlen.txt	../integration_site_bias/liver_integration_bias.bed	[100, 1]	901	1402	8702eea328c39873538336ce97d9c04b
15	HESI_ISA_simulation_015	rep3	config_files/HESI_ISA_simulation_015.yaml	simulation_output/HESI_ISA_simulation_015	rep3_simulated_reads.fastq.gz	HG001	rAAVrh74.MHCK7.microdystrophin	Liver	100/900	../genomes/HG001_GRCh38.hap1.fa	../AAVs/rAAVrh74.MHCK7.microdystrophin/rAAVrh74.MHCK7.microdystrophin.fa	../AAVs/rAAVrh74.MHCK7.microdystrophin/rAAVrh74.MHCK7.microdystrophin_tes_panel.fa	../AAVs/rAAVrh74.MHCK7.microdystrophin/rAAVrh74.MHCK7.microdystrophin_breakend_prob.bed	../AAVs/rAAVrh74.MHCK7.microdystrophin/rAAVrh74.MHCK7.microdystrophin_ISlen.txt	../integration_site_bias/liver_integration_bias.bed	[100, 1]	901	1403	02bd3221c24520bb9e116b12a51a451f
16	HESI_ISA_simulation_016	rep1	config_files/HESI_ISA_simulation_016.yaml	simulation_output/HESI_ISA_simulation_016	rep1_simulated_reads.fastq.gz	HG001	rAAVrh74.MHCK7.microdystrophin	Liver	1000	../genomes/HG001_GRCh38.hap1.fa	../AAVs/rAAVrh74.MHCK7.microdystrophin/rAAVrh74.MHCK7.microdystrophin.fa	../AAVs/rAAVrh74.MHCK7.microdystrophin/rAAVrh74.MHCK7.microdystrophin_tes_panel.fa	../AAVs/rAAVrh74.MHCK7.microdystrophin/rAAVrh74.MHCK7.microdystrophin_breakend_prob.bed	../AAVs/rAAVrh74.MHCK7.microdystrophin/rAAVrh74.MHCK7.microdystrophin_ISlen.txt	../integration_site_bias/liver_integration_bias.bed	1	1000	1501	442b95cf23dc557036568d45919d50e8
16	HESI_ISA_simulation_016	rep2	config_files/HESI_ISA_simulation_016.yaml	simulation_output/HESI_ISA_simulation_016	rep2_simulated_reads.fastq.gz	HG001	rAAVrh74.MHCK7.microdystrophin	Liver	1000	../genomes/HG001_GRCh38.hap1.fa	../AAVs/rAAVrh74.MHCK7.microdystrophin/rAAVrh74.MHCK7.microdystrophin.fa	../AAVs/rAAVrh74.MHCK7.microdystrophin/rAAVrh74.MHCK7.microdystrophin_tes_panel.fa	../AAVs/rAAVrh74.MHCK7.microdystrophin/rAAVrh74.MHCK7.microdystrophin_breakend_prob.bed	../AAVs/rAAVrh74.MHCK7.microdystrophin/rAAVrh74.MHCK7.microdystrophin_ISlen.txt	../integration_site_bias/liver_integration_bias.bed	1	1000	1502	a870fe61a5381469473a24cab6f25edb
16	HESI_ISA_simulation_016	rep3	config_files/HESI_ISA_simulation_016.yaml	simulation_output/HESI_ISA_simulation_016	rep3_simulated_reads.fastq.gz	HG001	rAAVrh74.MHCK7.microdystrophin	Liver	1000	../genomes/HG001_GRCh38.hap1.fa	../AAVs/rAAVrh74.MHCK7.microdystrophin/rAAVrh74.MHCK7.microdystrophin.fa	../AAVs/rAAVrh74.MHCK7.microdystrophin/rAAVrh74.MHCK7.microdystrophin_tes_panel.fa	../AAVs/rAAVrh74.MHCK7.microdystrophin/rAAVrh74.MHCK7.microdystrophin_breakend_prob.bed	../AAVs/rAAVrh74.MHCK7.microdystrophin/rAAVrh74.MHCK7.microdystrophin_ISlen.txt	../integration_site_bias/liver_integration_bias.bed	1	1000	1503	9d120005a766b53423886475e691bc6f
17	HESI_ISA_simulation_017	rep1	config_files/HESI_ISA_simulation_017.yaml	simulation_output/HESI_ISA_simulation_017	rep1_simulated_reads.fastq.gz	HG001	pFZ-CBI-CAG-FXNco3	uniform	900/100	../genomes/HG001_GRCh38.hap1.fa	../AAVs/pFZ-CBI-CAG-FXNco3/pFZ-CBI-CAG-FXNco3.fa	../AAVs/pFZ-CBI-CAG-FXNco3/pFZ-CBI-CAG-FXNco3_tes_panel.fa	../AAVs/pFZ-CBI-CAG-FXNco3/pFZ-CBI-CAG-FXNco3_breakend_prob.bed	../AAVs/pFZ-CBI-CAG-FXNco3/pFZ-CBI-CAG-FXNco3_ISlen.txt		[900, 1]	101	1601	61d330277dc17fc9f7a7004862947cb1
17	HESI_ISA_simulation_017	rep2	config_files/HESI_ISA_simulation_017.yaml	simulation_output/HESI_ISA_simulation_017	rep2_simulated_reads.fastq.gz	HG001	pFZ-CBI-CAG-FXNco3	uniform	900/100	../genomes/HG001_GRCh38.hap1.fa	../AAVs/pFZ-CBI-CAG-FXNco3/pFZ-CBI-CAG-FXNco3.fa	../AAVs/pFZ-CBI-CAG-FXNco3/pFZ-CBI-CAG-FXNco3_tes_panel.fa	../AAVs/pFZ-CBI-CAG-FXNco3/pFZ-CBI-CAG-FXNco3_breakend_prob.bed	../AAVs/pFZ-CBI-CAG-FXNco3/pFZ-CBI-CAG-FXNco3_ISlen.txt		[900, 1]	101	1602	19aec38d8d3f19b489d123d58dc6ff3e
17	HESI_ISA_simulation_017	rep3	config_files/HESI_ISA_simulation_017.yaml	simulation_output/HESI_ISA_simulation_017	rep3_simulated_reads.fastq.gz	HG001	pFZ-CBI-CAG-FXNco3	uniform	900/100	../genomes/HG001_GRCh38.hap1.fa	../AAVs/pFZ-CBI-CAG-FXNco3/pFZ-CBI-CAG-FXNco3.fa	../AAVs/pFZ-CBI-CAG-FXNco3/pFZ-CBI-CAG-FXNco3_tes_panel.fa	../AAVs/pFZ-CBI-CAG-FXNco3/pFZ-CBI-CAG-FXNco3_breakend_prob.bed	../AAVs/pFZ-CBI-CAG-FXNco3/pFZ-CBI-CAG-FXNco3_ISlen.txt		[900, 1]	101	1603	6aabcc062fb3566f247c62593ee60b13
18	HESI_ISA_simulation_018	rep1	config_files/HESI_ISA_simulation_018.yaml	simulation_output/HESI_ISA_simulation_018	rep1_simulated_reads.fastq.gz	HG001	pFZ-CBI-CAG-FXNco3	uniform	500/500	../genomes/HG001_GRCh38.hap1.fa	../AAVs/pFZ-CBI-CAG-FXNco3/pFZ-CBI-CAG-FXNco3.fa	../AAVs/pFZ-CBI-CAG-FXNco3/pFZ-CBI-CAG-FXNco3_tes_panel.fa	../AAVs/pFZ-CBI-CAG-FXNco3/pFZ-CBI-CAG-FXNco3_breakend_prob.bed	../AAVs/pFZ-CBI-CAG-FXNco3/pFZ-CBI-CAG-FXNco3_ISlen.txt		[500, 1]	501	1701	ee221fd5f6f8fb47be989fa1a60d289a
18	HESI_ISA_simulation_018	rep2	config_files/HESI_ISA_simulation_018.yaml	simulation_output/HESI_ISA_simulation_018	rep2_simulated_reads.fastq.gz	HG001	pFZ-CBI-CAG-FXNco3	uniform	500/500	../genomes/HG001_GRCh38.hap1.fa	../AAVs/pFZ-CBI-CAG-FXNco3/pFZ-CBI-CAG-FXNco3.fa	../AAVs/pFZ-CBI-CAG-FXNco3/pFZ-CBI-CAG-FXNco3_tes_panel.fa	../AAVs/pFZ-CBI-CAG-FXNco3/pFZ-CBI-CAG-FXNco3_breakend_prob.bed	../AAVs/pFZ-CBI-CAG-FXNco3/pFZ-CBI-CAG-FXNco3_ISlen.txt		[500, 1]	501	1702	a1bec21794406c16c00bd525f666cb22
18	HESI_ISA_simulation_018	rep3	config_files/HESI_ISA_simulation_018.yaml	simulation_output/HESI_ISA_simulation_018	rep3_simulated_reads.fastq.gz	HG001	pFZ-CBI-CAG-FXNco3	uniform	500/500	../genomes/HG001_GRCh38.hap1.fa	../AAVs/pFZ-CBI-CAG-FXNco3/pFZ-CBI-CAG-FXNco3.fa	../AAVs/pFZ-CBI-CAG-FXNco3/pFZ-CBI-CAG-FXNco3_tes_panel.fa	../AAVs/pFZ-CBI-CAG-FXNco3/pFZ-CBI-CAG-FXNco3_breakend_prob.bed	../AAVs/pFZ-CBI-CAG-FXNco3/pFZ-CBI-CAG-FXNco3_ISlen.txt		[500, 1]	501	1703	5a213069de7100e50cd19328cdf9c8d6
19	HESI_ISA_simulation_019	rep1	config_files/HESI_ISA_simulation_019.yaml	simulation_output/HESI_ISA_simulation_019	rep1_simulated_reads.fastq.gz	HG001	pFZ-CBI-CAG-FXNco3	uniform	100/900	../genomes/HG001_GRCh38.hap1.fa	../AAVs/pFZ-CBI-CAG-FXNco3/pFZ-CBI-CAG-FXNco3.fa	../AAVs/pFZ-CBI-CAG-FXNco3/pFZ-CBI-CAG-FXNco3_tes_panel.fa	../AAVs/pFZ-CBI-CAG-FXNco3/pFZ-CBI-CAG-FXNco3_breakend_prob.bed	../AAVs/pFZ-CBI-CAG-FXNco3/pFZ-CBI-CAG-FXNco3_ISlen.txt		[100, 1]	901	1801	0ed8570ea44609b7cd28fd2944e58ed4
19	HESI_ISA_simulation_019	rep2	config_files/HESI_ISA_simulation_019.yaml	simulation_output/HESI_ISA_simulation_019	rep2_simulated_reads.fastq.gz	HG001	pFZ-CBI-CAG-FXNco3	uniform	100/900	../genomes/HG001_GRCh38.hap1.fa	../AAVs/pFZ-CBI-CAG-FXNco3/pFZ-CBI-CAG-FXNco3.fa	../AAVs/pFZ-CBI-CAG-FXNco3/pFZ-CBI-CAG-FXNco3_tes_panel.fa	../AAVs/pFZ-CBI-CAG-FXNco3/pFZ-CBI-CAG-FXNco3_breakend_prob.bed	../AAVs/pFZ-CBI-CAG-FXNco3/pFZ-CBI-CAG-FXNco3_ISlen.txt		[100, 1]	901	1802	2076528e6bc950d5fe9e5438bfbc6da4
19	HESI_ISA_simulation_019	rep3	config_files/HESI_ISA_simulation_019.yaml	simulation_output/HESI_ISA_simulation_019	rep3_simulated_reads.fastq.gz	HG001	pFZ-CBI-CAG-FXNco3	uniform	100/900	../genomes/HG001_GRCh38.hap1.fa	../AAVs/pFZ-CBI-CAG-FXNco3/pFZ-CBI-CAG-FXNco3.fa	../AAVs/pFZ-CBI-CAG-FXNco3/pFZ-CBI-CAG-FXNco3_tes_panel.fa	../AAVs/pFZ-CBI-CAG-FXNco3/pFZ-CBI-CAG-FXNco3_breakend_prob.bed	../AAVs/pFZ-CBI-CAG-FXNco3/pFZ-CBI-CAG-FXNco3_ISlen.txt		[100, 1]	901	1803	0341e9fa8ef450eacc870e2fbfc712c5
20	HESI_ISA_simulation_020	rep1	config_files/HESI_ISA_simulation_020.yaml	simulation_output/HESI_ISA_simulation_020	rep1_simulated_reads.fastq.gz	HG001	pFZ-CBI-CAG-FXNco3	uniform	1000	../genomes/HG001_GRCh38.hap1.fa	../AAVs/pFZ-CBI-CAG-FXNco3/pFZ-CBI-CAG-FXNco3.fa	../AAVs/pFZ-CBI-CAG-FXNco3/pFZ-CBI-CAG-FXNco3_tes_panel.fa	../AAVs/pFZ-CBI-CAG-FXNco3/pFZ-CBI-CAG-FXNco3_breakend_prob.bed	../AAVs/pFZ-CBI-CAG-FXNco3/pFZ-CBI-CAG-FXNco3_ISlen.txt		1	1000	1901	b041ada3190ff366f72e57de95eb6713
20	HESI_ISA_simulation_020	rep2	config_files/HESI_ISA_simulation_020.yaml	simulation_output/HESI_ISA_simulation_020	rep2_simulated_reads.fastq.gz	HG001	pFZ-CBI-CAG-FXNco3	uniform	1000	../genomes/HG001_GRCh38.hap1.fa	../AAVs/pFZ-CBI-CAG-FXNco3/pFZ-CBI-CAG-FXNco3.fa	../AAVs/pFZ-CBI-CAG-FXNco3/pFZ-CBI-CAG-FXNco3_tes_panel.fa	../AAVs/pFZ-CBI-CAG-FXNco3/pFZ-CBI-CAG-FXNco3_breakend_prob.bed	../AAVs/pFZ-CBI-CAG-FXNco3/pFZ-CBI-CAG-FXNco3_ISlen.txt		1	1000	1902	421ed73299d9b7f5e1998433503be19d
20	HESI_ISA_simulation_020	rep3	config_files/HESI_ISA_simulation_020.yaml	simulation_output/HESI_ISA_simulation_020	rep3_simulated_reads.fastq.gz	HG001	pFZ-CBI-CAG-FXNco3	uniform	1000	../genomes/HG001_GRCh38.hap1.fa	../AAVs/pFZ-CBI-CAG-FXNco3/pFZ-CBI-CAG-FXNco3.fa	../AAVs/pFZ-CBI-CAG-FXNco3/pFZ-CBI-CAG-FXNco3_tes_panel.fa	../AAVs/pFZ-CBI-CAG-FXNco3/pFZ-CBI-CAG-FXNco3_breakend_prob.bed	../AAVs/pFZ-CBI-CAG-FXNco3/pFZ-CBI-CAG-FXNco3_ISlen.txt		1	1000	1903	30f8d2c5cd91aeff31712f9ad4911e19
21	HESI_ISA_simulation_021	rep1	config_files/HESI_ISA_simulation_021.yaml	simulation_output/HESI_ISA_simulation_021	rep1_simulated_reads.fastq.gz	HG001	pFZ-CBI-CAG-FXNco3	Liver	900/100	../genomes/HG001_GRCh38.hap1.fa	../AAVs/pFZ-CBI-CAG-FXNco3/pFZ-CBI-CAG-FXNco3.fa	../AAVs/pFZ-CBI-CAG-FXNco3/pFZ-CBI-CAG-FXNco3_tes_panel.fa	../AAVs/pFZ-CBI-CAG-FXNco3/pFZ-CBI-CAG-FXNco3_breakend_prob.bed	../AAVs/pFZ-CBI-CAG-FXNco3/pFZ-CBI-CAG-FXNco3_ISlen.txt	../integration_site_bias/liver_integration_bias.bed	[900, 1]	101	2001	de9a37136ca01da3e7fe124f5189214e
21	HESI_ISA_simulation_021	rep2	config_files/HESI_ISA_simulation_021.yaml	simulation_output/HESI_ISA_simulation_021	rep2_simulated_reads.fastq.gz	HG001	pFZ-CBI-CAG-FXNco3	Liver	900/100	../genomes/HG001_GRCh38.hap1.fa	../AAVs/pFZ-CBI-CAG-FXNco3/pFZ-CBI-CAG-FXNco3.fa	../AAVs/pFZ-CBI-CAG-FXNco3/pFZ-CBI-CAG-FXNco3_tes_panel.fa	../AAVs/pFZ-CBI-CAG-FXNco3/pFZ-CBI-CAG-FXNco3_breakend_prob.bed	../AAVs/pFZ-CBI-CAG-FXNco3/pFZ-CBI-CAG-FXNco3_ISlen.txt	../integration_site_bias/liver_integration_bias.bed	[900, 1]	101	2002	6fef304d245078d4bfe19f98516a31a5
21	HESI_ISA_simulation_021	rep3	config_files/HESI_ISA_simulation_021.yaml	simulation_output/HESI_ISA_simulation_021	rep3_simulated_reads.fastq.gz	HG001	pFZ-CBI-CAG-FXNco3	Liver	900/100	../genomes/HG001_GRCh38.hap1.fa	../AAVs/pFZ-CBI-CAG-FXNco3/pFZ-CBI-CAG-FXNco3.fa	../AAVs/pFZ-CBI-CAG-FXNco3/pFZ-CBI-CAG-FXNco3_tes_panel.fa	../AAVs/pFZ-CBI-CAG-FXNco3/pFZ-CBI-CAG-FXNco3_breakend_prob.bed	../AAVs/pFZ-CBI-CAG-FXNco3/pFZ-CBI-CAG-FXNco3_ISlen.txt	../integration_site_bias/liver_integration_bias.bed	[900, 1]	101	2003	8b7f54cb1501721600748a073949c0f0
22	HESI_ISA_simulation_022	rep1	config_files/HESI_ISA_simulation_022.yaml	simulation_output/HESI_ISA_simulation_022	rep1_simulated_reads.fastq.gz	HG001	pFZ-CBI-CAG-FXNco3	Liver	500/500	../genomes/HG001_GRCh38.hap1.fa	../AAVs/pFZ-CBI-CAG-FXNco3/pFZ-CBI-CAG-FXNco3.fa	../AAVs/pFZ-CBI-CAG-FXNco3/pFZ-CBI-CAG-FXNco3_tes_panel.fa	../AAVs/pFZ-CBI-CAG-FXNco3/pFZ-CBI-CAG-FXNco3_breakend_prob.bed	../AAVs/pFZ-CBI-CAG-FXNco3/pFZ-CBI-CAG-FXNco3_ISlen.txt	../integration_site_bias/liver_integration_bias.bed	[500, 1]	501	2101	c58737d3f7365630906b518fbaa2480c
22	HESI_ISA_simulation_022	rep2	config_files/HESI_ISA_simulation_022.yaml	simulation_output/HESI_ISA_simulation_022	rep2_simulated_reads.fastq.gz	HG001	pFZ-CBI-CAG-FXNco3	Liver	500/500	../genomes/HG001_GRCh38.hap1.fa	../AAVs/pFZ-CBI-CAG-FXNco3/pFZ-CBI-CAG-FXNco3.fa	../AAVs/pFZ-CBI-CAG-FXNco3/pFZ-CBI-CAG-FXNco3_tes_panel.fa	../AAVs/pFZ-CBI-CAG-FXNco3/pFZ-CBI-CAG-FXNco3_breakend_prob.bed	../AAVs/pFZ-CBI-CAG-FXNco3/pFZ-CBI-CAG-FXNco3_ISlen.txt	../integration_site_bias/liver_integration_bias.bed	[500, 1]	501	2102	3d7896d0cd686b7dbda9aac38233a36f
22	HESI_ISA_simulation_022	rep3	config_files/HESI_ISA_simulation_022.yaml	simulation_output/HESI_ISA_simulation_022	rep3_simulated_reads.fastq.gz	HG001	pFZ-CBI-CAG-FXNco3	Liver	500/500	../genomes/HG001_GRCh38.hap1.fa	../AAVs/pFZ-CBI-CAG-FXNco3/pFZ-CBI-CAG-FXNco3.fa	../AAVs/pFZ-CBI-CAG-FXNco3/pFZ-CBI-CAG-FXNco3_tes_panel.fa	../AAVs/pFZ-CBI-CAG-FXNco3/pFZ-CBI-CAG-FXNco3_breakend_prob.bed	../AAVs/pFZ-CBI-CAG-FXNco3/pFZ-CBI-CAG-FXNco3_ISlen.txt	../integration_site_bias/liver_integration_bias.bed	[500, 1]	501	2103	4e93560cd8e7eddc1f78c7071826a726
23	HESI_ISA_simulation_023	rep1	config_files/HESI_ISA_simulation_023.yaml	simulation_output/HESI_ISA_simulation_023	rep1_simulated_reads.fastq.gz	HG001	pFZ-CBI-CAG-FXNco3	Liver	100/900	../genomes/HG001_GRCh38.hap1.fa	../AAVs/pFZ-CBI-CAG-FXNco3/pFZ-CBI-CAG-FXNco3.fa	../AAVs/pFZ-CBI-CAG-FXNco3/pFZ-CBI-CAG-FXNco3_tes_panel.fa	../AAVs/pFZ-CBI-CAG-FXNco3/pFZ-CBI-CAG-FXNco3_breakend_prob.bed	../AAVs/pFZ-CBI-CAG-FXNco3/pFZ-CBI-CAG-FXNco3_ISlen.txt	../integration_site_bias/liver_integration_bias.bed	[100, 1]	901	2201	d9f328c1ad991860d3988dc291816bdb
23	HESI_ISA_simulation_023	rep2	config_files/HESI_ISA_simulation_023.yaml	simulation_output/HESI_ISA_simulation_023	rep2_simulated_reads.fastq.gz	HG001	pFZ-CBI-CAG-FXNco3	Liver	100/900	../genomes/HG001_GRCh38.hap1.fa	../AAVs/pFZ-CBI-CAG-FXNco3/pFZ-CBI-CAG-FXNco3.fa	../AAVs/pFZ-CBI-CAG-FXNco3/pFZ-CBI-CAG-FXNco3_tes_panel.fa	../AAVs/pFZ-CBI-CAG-FXNco3/pFZ-CBI-CAG-FXNco3_breakend_prob.bed	../AAVs/pFZ-CBI-CAG-FXNco3/pFZ-CBI-CAG-FXNco3_ISlen.txt	../integration_site_bias/liver_integration_bias.bed	[100, 1]	901	2202	0105c9d4ca4dfdec83cfb17c648eb5be
23	HESI_ISA_simulation_023	rep3	config_files/HESI_ISA_simulation_023.yaml	simulation_output/HESI_ISA_simulation_023	rep3_simulated_reads.fastq.gz	HG001	pFZ-CBI-CAG-FXNco3	Liver	100/900	../genomes/HG001_GRCh38.hap1.fa	../AAVs/pFZ-CBI-CAG-FXNco3/pFZ-CBI-CAG-FXNco3.fa	../AAVs/pFZ-CBI-CAG-FXNco3/pFZ-CBI-CAG-FXNco3_tes_panel.fa	../AAVs/pFZ-CBI-CAG-FXNco3/pFZ-CBI-CAG-FXNco3_breakend_prob.bed	../AAVs/pFZ-CBI-CAG-FXNco3/pFZ-CBI-CAG-FXNco3_ISlen.txt	../integration_site_bias/liver_integration_bias.bed	[100, 1]	901	2203	1bdbab62da75382c40f5323c272159c6
24	HESI_ISA_simulation_024	rep1	config_files/HESI_ISA_simulation_024.yaml	simulation_output/HESI_ISA_simulation_024	rep1_simulated_reads.fastq.gz	HG001	pFZ-CBI-CAG-FXNco3	Liver	1000	../genomes/HG001_GRCh38.hap1.fa	../AAVs/pFZ-CBI-CAG-FXNco3/pFZ-CBI-CAG-FXNco3.fa	../AAVs/pFZ-CBI-CAG-FXNco3/pFZ-CBI-CAG-FXNco3_tes_panel.fa	../AAVs/pFZ-CBI-CAG-FXNco3/pFZ-CBI-CAG-FXNco3_breakend_prob.bed	../AAVs/pFZ-CBI-CAG-FXNco3/pFZ-CBI-CAG-FXNco3_ISlen.txt	../integration_site_bias/liver_integration_bias.bed	1	1000	2301	5a1cde28b1e0a4c37d6b41d477a2ca63
24	HESI_ISA_simulation_024	rep2	config_files/HESI_ISA_simulation_024.yaml	simulation_output/HESI_ISA_simulation_024	rep2_simulated_reads.fastq.gz	HG001	pFZ-CBI-CAG-FXNco3	Liver	1000	../genomes/HG001_GRCh38.hap1.fa	../AAVs/pFZ-CBI-CAG-FXNco3/pFZ-CBI-CAG-FXNco3.fa	../AAVs/pFZ-CBI-CAG-FXNco3/pFZ-CBI-CAG-FXNco3_tes_panel.fa	../AAVs/pFZ-CBI-CAG-FXNco3/pFZ-CBI-CAG-FXNco3_breakend_prob.bed	../AAVs/pFZ-CBI-CAG-FXNco3/pFZ-CBI-CAG-FXNco3_ISlen.txt	../integration_site_bias/liver_integration_bias.bed	1	1000	2302	c94a188f1f7fbac17a73f40007e4b5b1
24	HESI_ISA_simulation_024	rep3	config_files/HESI_ISA_simulation_024.yaml	simulation_output/HESI_ISA_simulation_024	rep3_simulated_reads.fastq.gz	HG001	pFZ-CBI-CAG-FXNco3	Liver	1000	../genomes/HG001_GRCh38.hap1.fa	../AAVs/pFZ-CBI-CAG-FXNco3/pFZ-CBI-CAG-FXNco3.fa	../AAVs/pFZ-CBI-CAG-FXNco3/pFZ-CBI-CAG-FXNco3_tes_panel.fa	../AAVs/pFZ-CBI-CAG-FXNco3/pFZ-CBI-CAG-FXNco3_breakend_prob.bed	../AAVs/pFZ-CBI-CAG-FXNco3/pFZ-CBI-CAG-FXNco3_ISlen.txt	../integration_site_bias/liver_integration_bias.bed	1	1000	2303	5b7cdc0d8cf93d888b26957290987107
25	HESI_ISA_simulation_025	rep1	config_files/HESI_ISA_simulation_025.yaml	simulation_output/HESI_ISA_simulation_025	rep1_simulated_reads.fastq.gz	HG002	CMV-EGFP-WPRE	uniform	900/100	../genomes/HG002_GRCh38.hap1.fa	../AAVs/CMV-EGFP-WPRE/CMV-EGFP-WPRE.fa	../AAVs/CMV-EGFP-WPRE/CMV-EGFP-WPRE_tes_panel.fa	../AAVs/CMV-EGFP-WPRE/CMV-EGFP-WPRE_breakend_prob.bed	../AAVs/CMV-EGFP-WPRE/CMV-EGFP-WPRE_ISlen.txt		[900, 1]	101	2401	66f60f3adf1a536d9029bbc0545feac8
25	HESI_ISA_simulation_025	rep2	config_files/HESI_ISA_simulation_025.yaml	simulation_output/HESI_ISA_simulation_025	rep2_simulated_reads.fastq.gz	HG002	CMV-EGFP-WPRE	uniform	900/100	../genomes/HG002_GRCh38.hap1.fa	../AAVs/CMV-EGFP-WPRE/CMV-EGFP-WPRE.fa	../AAVs/CMV-EGFP-WPRE/CMV-EGFP-WPRE_tes_panel.fa	../AAVs/CMV-EGFP-WPRE/CMV-EGFP-WPRE_breakend_prob.bed	../AAVs/CMV-EGFP-WPRE/CMV-EGFP-WPRE_ISlen.txt		[900, 1]	101	2402	00d3f23a3ee8b3b4592366c7a2293c22
25	HESI_ISA_simulation_025	rep3	config_files/HESI_ISA_simulation_025.yaml	simulation_output/HESI_ISA_simulation_025	rep3_simulated_reads.fastq.gz	HG002	CMV-EGFP-WPRE	uniform	900/100	../genomes/HG002_GRCh38.hap1.fa	../AAVs/CMV-EGFP-WPRE/CMV-EGFP-WPRE.fa	../AAVs/CMV-EGFP-WPRE/CMV-EGFP-WPRE_tes_panel.fa	../AAVs/CMV-EGFP-WPRE/CMV-EGFP-WPRE_breakend_prob.bed	../AAVs/CMV-EGFP-WPRE/CMV-EGFP-WPRE_ISlen.txt		[900, 1]	101	2403	f8701f23f5030e5d0ef0ab65e455acb0
26	HESI_ISA_simulation_026	rep1	config_files/HESI_ISA_simulation_026.yaml	simulation_output/HESI_ISA_simulation_026	rep1_simulated_reads.fastq.gz	HG002	CMV-EGFP-WPRE	uniform	500/500	../genomes/HG002_GRCh38.hap1.fa	../AAVs/CMV-EGFP-WPRE/CMV-EGFP-WPRE.fa	../AAVs/CMV-EGFP-WPRE/CMV-EGFP-WPRE_tes_panel.fa	../AAVs/CMV-EGFP-WPRE/CMV-EGFP-WPRE_breakend_prob.bed	../AAVs/CMV-EGFP-WPRE/CMV-EGFP-WPRE_ISlen.txt		[500, 1]	501	2501	aa4d6cd945bf491d05a02f653b89c30a
26	HESI_ISA_simulation_026	rep2	config_files/HESI_ISA_simulation_026.yaml	simulation_output/HESI_ISA_simulation_026	rep2_simulated_reads.fastq.gz	HG002	CMV-EGFP-WPRE	uniform	500/500	../genomes/HG002_GRCh38.hap1.fa	../AAVs/CMV-EGFP-WPRE/CMV-EGFP-WPRE.fa	../AAVs/CMV-EGFP-WPRE/CMV-EGFP-WPRE_tes_panel.fa	../AAVs/CMV-EGFP-WPRE/CMV-EGFP-WPRE_breakend_prob.bed	../AAVs/CMV-EGFP-WPRE/CMV-EGFP-WPRE_ISlen.txt		[500, 1]	501	2502	bd40ab79045bd7415f22def9d32e829a
26	HESI_ISA_simulation_026	rep3	config_files/HESI_ISA_simulation_026.yaml	simulation_output/HESI_ISA_simulation_026	rep3_simulated_reads.fastq.gz	HG002	CMV-EGFP-WPRE	uniform	500/500	../genomes/HG002_GRCh38.hap1.fa	../AAVs/CMV-EGFP-WPRE/CMV-EGFP-WPRE.fa	../AAVs/CMV-EGFP-WPRE/CMV-EGFP-WPRE_tes_panel.fa	../AAVs/CMV-EGFP-WPRE/CMV-EGFP-WPRE_breakend_prob.bed	../AAVs/CMV-EGFP-WPRE/CMV-EGFP-WPRE_ISlen.txt		[500, 1]	501	2503	f6054a495464ae3c7f73ab4e0bc3f17b
27	HESI_ISA_simulation_027	rep1	config_files/HESI_ISA_simulation_027.yaml	simulation_output/HESI_ISA_simulation_027	rep1_simulated_reads.fastq.gz	HG002	CMV-EGFP-WPRE	uniform	100/900	../genomes/HG002_GRCh38.hap1.fa	../AAVs/CMV-EGFP-WPRE/CMV-EGFP-WPRE.fa	../AAVs/CMV-EGFP-WPRE/CMV-EGFP-WPRE_tes_panel.fa	../AAVs/CMV-EGFP-WPRE/CMV-EGFP-WPRE_breakend_prob.bed	../AAVs/CMV-EGFP-WPRE/CMV-EGFP-WPRE_ISlen.txt		[100, 1]	901	2601	b132980476b9e2b8644a4e425f793d64
27	HESI_ISA_simulation_027	rep2	config_files/HESI_ISA_simulation_027.yaml	simulation_output/HESI_ISA_simulation_027	rep2_simulated_reads.fastq.gz	HG002	CMV-EGFP-WPRE	uniform	100/900	../genomes/HG002_GRCh38.hap1.fa	../AAVs/CMV-EGFP-WPRE/CMV-EGFP-WPRE.fa	../AAVs/CMV-EGFP-WPRE/CMV-EGFP-WPRE_tes_panel.fa	../AAVs/CMV-EGFP-WPRE/CMV-EGFP-WPRE_breakend_prob.bed	../AAVs/CMV-EGFP-WPRE/CMV-EGFP-WPRE_ISlen.txt		[100, 1]	901	2602	98c4cc66048e0b647d1dbd2fda88f65e
27	HESI_ISA_simulation_027	rep3	config_files/HESI_ISA_simulation_027.yaml	simulation_output/HESI_ISA_simulation_027	rep3_simulated_reads.fastq.gz	HG002	CMV-EGFP-WPRE	uniform	100/900	../genomes/HG002_GRCh38.hap1.fa	../AAVs/CMV-EGFP-WPRE/CMV-EGFP-WPRE.fa	../AAVs/CMV-EGFP-WPRE/CMV-EGFP-WPRE_tes_panel.fa	../AAVs/CMV-EGFP-WPRE/CMV-EGFP-WPRE_breakend_prob.bed	../AAVs/CMV-EGFP-WPRE/CMV-EGFP-WPRE_ISlen.txt		[100, 1]	901	2603	f701fccd705037f8751c9e31610ebaeb
28	HESI_ISA_simulation_028	rep1	config_files/HESI_ISA_simulation_028.yaml	simulation_output/HESI_ISA_simulation_028	rep1_simulated_reads.fastq.gz	HG002	CMV-EGFP-WPRE	uniform	1000	../genomes/HG002_GRCh38.hap1.fa	../AAVs/CMV-EGFP-WPRE/CMV-EGFP-WPRE.fa	../AAVs/CMV-EGFP-WPRE/CMV-EGFP-WPRE_tes_panel.fa	../AAVs/CMV-EGFP-WPRE/CMV-EGFP-WPRE_breakend_prob.bed	../AAVs/CMV-EGFP-WPRE/CMV-EGFP-WPRE_ISlen.txt		1	1000	2701	be6c7f73f1205fcb2f0190913be7677b
28	HESI_ISA_simulation_028	rep2	config_files/HESI_ISA_simulation_028.yaml	simulation_output/HESI_ISA_simulation_028	rep2_simulated_reads.fastq.gz	HG002	CMV-EGFP-WPRE	uniform	1000	../genomes/HG002_GRCh38.hap1.fa	../AAVs/CMV-EGFP-WPRE/CMV-EGFP-WPRE.fa	../AAVs/CMV-EGFP-WPRE/CMV-EGFP-WPRE_tes_panel.fa	../AAVs/CMV-EGFP-WPRE/CMV-EGFP-WPRE_breakend_prob.bed	../AAVs/CMV-EGFP-WPRE/CMV-EGFP-WPRE_ISlen.txt		1	1000	2702	0f22a0d9fbed7ba9527a31378f0c0473
28	HESI_ISA_simulation_028	rep3	config_files/HESI_ISA_simulation_028.yaml	simulation_output/HESI_ISA_simulation_028	rep3_simulated_reads.fastq.gz	HG002	CMV-EGFP-WPRE	uniform	1000	../genomes/HG002_GRCh38.hap1.fa	../AAVs/CMV-EGFP-WPRE/CMV-EGFP-WPRE.fa	../AAVs/CMV-EGFP-WPRE/CMV-EGFP-WPRE_tes_panel.fa	../AAVs/CMV-EGFP-WPRE/CMV-EGFP-WPRE_breakend_prob.bed	../AAVs/CMV-EGFP-WPRE/CMV-EGFP-WPRE_ISlen.txt		1	1000	2703	032235857beb43954ee35d2fa221ab38
29	HESI_ISA_simulation_029	rep1	config_files/HESI_ISA_simulation_029.yaml	simulation_output/HESI_ISA_simulation_029	rep1_simulated_reads.fastq.gz	HG002	CMV-EGFP-WPRE	Liver	900/100	../genomes/HG002_GRCh38.hap1.fa	../AAVs/CMV-EGFP-WPRE/CMV-EGFP-WPRE.fa	../AAVs/CMV-EGFP-WPRE/CMV-EGFP-WPRE_tes_panel.fa	../AAVs/CMV-EGFP-WPRE/CMV-EGFP-WPRE_breakend_prob.bed	../AAVs/CMV-EGFP-WPRE/CMV-EGFP-WPRE_ISlen.txt	../integration_site_bias/liver_integration_bias.bed	[900, 1]	101	2801	c17bb882d43b12234795c623129c5888
29	HESI_ISA_simulation_029	rep2	config_files/HESI_ISA_simulation_029.yaml	simulation_output/HESI_ISA_simulation_029	rep2_simulated_reads.fastq.gz	HG002	CMV-EGFP-WPRE	Liver	900/100	../genomes/HG002_GRCh38.hap1.fa	../AAVs/CMV-EGFP-WPRE/CMV-EGFP-WPRE.fa	../AAVs/CMV-EGFP-WPRE/CMV-EGFP-WPRE_tes_panel.fa	../AAVs/CMV-EGFP-WPRE/CMV-EGFP-WPRE_breakend_prob.bed	../AAVs/CMV-EGFP-WPRE/CMV-EGFP-WPRE_ISlen.txt	../integration_site_bias/liver_integration_bias.bed	[900, 1]	101	2802	e18ce6be9d58502a60c7d5e84a04beab
29	HESI_ISA_simulation_029	rep3	config_files/HESI_ISA_simulation_029.yaml	simulation_output/HESI_ISA_simulation_029	rep3_simulated_reads.fastq.gz	HG002	CMV-EGFP-WPRE	Liver	900/100	../genomes/HG002_GRCh38.hap1.fa	../AAVs/CMV-EGFP-WPRE/CMV-EGFP-WPRE.fa	../AAVs/CMV-EGFP-WPRE/CMV-EGFP-WPRE_tes_panel.fa	../AAVs/CMV-EGFP-WPRE/CMV-EGFP-WPRE_breakend_prob.bed	../AAVs/CMV-EGFP-WPRE/CMV-EGFP-WPRE_ISlen.txt	../integration_site_bias/liver_integration_bias.bed	[900, 1]	101	2803	5b7221713bc489361aa0d4e222a41c62
30	HESI_ISA_simulation_030	rep1	config_files/HESI_ISA_simulation_030.yaml	simulation_output/HESI_ISA_simulation_030	rep1_simulated_reads.fastq.gz	HG002	CMV-EGFP-WPRE	Liver	500/500	../genomes/HG002_GRCh38.hap1.fa	../AAVs/CMV-EGFP-WPRE/CMV-EGFP-WPRE.fa	../AAVs/CMV-EGFP-WPRE/CMV-EGFP-WPRE_tes_panel.fa	../AAVs/CMV-EGFP-WPRE/CMV-EGFP-WPRE_breakend_prob.bed	../AAVs/CMV-EGFP-WPRE/CMV-EGFP-WPRE_ISlen.txt	../integration_site_bias/liver_integration_bias.bed	[500, 1]	501	2901	4c0613b1cff36fac7d7722fdcd2815c4
30	HESI_ISA_simulation_030	rep2	config_files/HESI_ISA_simulation_030.yaml	simulation_output/HESI_ISA_simulation_030	rep2_simulated_reads.fastq.gz	HG002	CMV-EGFP-WPRE	Liver	500/500	../genomes/HG002_GRCh38.hap1.fa	../AAVs/CMV-EGFP-WPRE/CMV-EGFP-WPRE.fa	../AAVs/CMV-EGFP-WPRE/CMV-EGFP-WPRE_tes_panel.fa	../AAVs/CMV-EGFP-WPRE/CMV-EGFP-WPRE_breakend_prob.bed	../AAVs/CMV-EGFP-WPRE/CMV-EGFP-WPRE_ISlen.txt	../integration_site_bias/liver_integration_bias.bed	[500, 1]	501	2902	0342251c564855d75bb2ac5cb0a4bc53
30	HESI_ISA_simulation_030	rep3	config_files/HESI_ISA_simulation_030.yaml	simulation_output/HESI_ISA_simulation_030	rep3_simulated_reads.fastq.gz	HG002	CMV-EGFP-WPRE	Liver	500/500	../genomes/HG002_GRCh38.hap1.fa	../AAVs/CMV-EGFP-WPRE/CMV-EGFP-WPRE.fa	../AAVs/CMV-EGFP-WPRE/CMV-EGFP-WPRE_tes_panel.fa	../AAVs/CMV-EGFP-WPRE/CMV-EGFP-WPRE_breakend_prob.bed	../AAVs/CMV-EGFP-WPRE/CMV-EGFP-WPRE_ISlen.txt	../integration_site_bias/liver_integration_bias.bed	[500, 1]	501	2903	ea0a7faa0b63beff5d0663c5eb238635
31	HESI_ISA_simulation_031	rep1	config_files/HESI_ISA_simulation_031.yaml	simulation_output/HESI_ISA_simulation_031	rep1_simulated_reads.fastq.gz	HG002	CMV-EGFP-WPRE	Liver	100/900	../genomes/HG002_GRCh38.hap1.fa	../AAVs/CMV-EGFP-WPRE/CMV-EGFP-WPRE.fa	../AAVs/CMV-EGFP-WPRE/CMV-EGFP-WPRE_tes_panel.fa	../AAVs/CMV-EGFP-WPRE/CMV-EGFP-WPRE_breakend_prob.bed	../AAVs/CMV-EGFP-WPRE/CMV-EGFP-WPRE_ISlen.txt	../integration_site_bias/liver_integration_bias.bed	[100, 1]	901	3001	d7396fd9ed9d0155ea61c4eafe26621f
31	HESI_ISA_simulation_031	rep2	config_files/HESI_ISA_simulation_031.yaml	simulation_output/HESI_ISA_simulation_031	rep2_simulated_reads.fastq.gz	HG002	CMV-EGFP-WPRE	Liver	100/900	../genomes/HG002_GRCh38.hap1.fa	../AAVs/CMV-EGFP-WPRE/CMV-EGFP-WPRE.fa	../AAVs/CMV-EGFP-WPRE/CMV-EGFP-WPRE_tes_panel.fa	../AAVs/CMV-EGFP-WPRE/CMV-EGFP-WPRE_breakend_prob.bed	../AAVs/CMV-EGFP-WPRE/CMV-EGFP-WPRE_ISlen.txt	../integration_site_bias/liver_integration_bias.bed	[100, 1]	901	3002	473f8ac77148c76dc90096d742b3d0b4
31	HESI_ISA_simulation_031	rep3	config_files/HESI_ISA_simulation_031.yaml	simulation_output/HESI_ISA_simulation_031	rep3_simulated_reads.fastq.gz	HG002	CMV-EGFP-WPRE	Liver	100/900	../genomes/HG002_GRCh38.hap1.fa	../AAVs/CMV-EGFP-WPRE/CMV-EGFP-WPRE.fa	../AAVs/CMV-EGFP-WPRE/CMV-EGFP-WPRE_tes_panel.fa	../AAVs/CMV-EGFP-WPRE/CMV-EGFP-WPRE_breakend_prob.bed	../AAVs/CMV-EGFP-WPRE/CMV-EGFP-WPRE_ISlen.txt	../integration_site_bias/liver_integration_bias.bed	[100, 1]	901	3003	4451c586c3a1b04f1d305e646a5c6b2e
32	HESI_ISA_simulation_032	rep1	config_files/HESI_ISA_simulation_032.yaml	simulation_output/HESI_ISA_simulation_032	rep1_simulated_reads.fastq.gz	HG002	CMV-EGFP-WPRE	Liver	1000	../genomes/HG002_GRCh38.hap1.fa	../AAVs/CMV-EGFP-WPRE/CMV-EGFP-WPRE.fa	../AAVs/CMV-EGFP-WPRE/CMV-EGFP-WPRE_tes_panel.fa	../AAVs/CMV-EGFP-WPRE/CMV-EGFP-WPRE_breakend_prob.bed	../AAVs/CMV-EGFP-WPRE/CMV-EGFP-WPRE_ISlen.txt	../integration_site_bias/liver_integration_bias.bed	1	1000	3101	35ce5ce160860cf37944471c0936de8f
32	HESI_ISA_simulation_032	rep2	config_files/HESI_ISA_simulation_032.yaml	simulation_output/HESI_ISA_simulation_032	rep2_simulated_reads.fastq.gz	HG002	CMV-EGFP-WPRE	Liver	1000	../genomes/HG002_GRCh38.hap1.fa	../AAVs/CMV-EGFP-WPRE/CMV-EGFP-WPRE.fa	../AAVs/CMV-EGFP-WPRE/CMV-EGFP-WPRE_tes_panel.fa	../AAVs/CMV-EGFP-WPRE/CMV-EGFP-WPRE_breakend_prob.bed	../AAVs/CMV-EGFP-WPRE/CMV-EGFP-WPRE_ISlen.txt	../integration_site_bias/liver_integration_bias.bed	1	1000	3102	3ac898abc0bd72024bab98497fa83161
32	HESI_ISA_simulation_032	rep3	config_files/HESI_ISA_simulation_032.yaml	simulation_output/HESI_ISA_simulation_032	rep3_simulated_reads.fastq.gz	HG002	CMV-EGFP-WPRE	Liver	1000	../genomes/HG002_GRCh38.hap1.fa	../AAVs/CMV-EGFP-WPRE/CMV-EGFP-WPRE.fa	../AAVs/CMV-EGFP-WPRE/CMV-EGFP-WPRE_tes_panel.fa	../AAVs/CMV-EGFP-WPRE/CMV-EGFP-WPRE_breakend_prob.bed	../AAVs/CMV-EGFP-WPRE/CMV-EGFP-WPRE_ISlen.txt	../integration_site_bias/liver_integration_bias.bed	1	1000	3103	49b27de9ee79865cdb9582f4746245e3
33	HESI_ISA_simulation_033	rep1	config_files/HESI_ISA_simulation_033.yaml	simulation_output/HESI_ISA_simulation_033	rep1_simulated_reads.fastq.gz	HG002	rAAVrh74.MHCK7.microdystrophin	uniform	900/100	../genomes/HG002_GRCh38.hap1.fa	../AAVs/rAAVrh74.MHCK7.microdystrophin/rAAVrh74.MHCK7.microdystrophin.fa	../AAVs/rAAVrh74.MHCK7.microdystrophin/rAAVrh74.MHCK7.microdystrophin_tes_panel.fa	../AAVs/rAAVrh74.MHCK7.microdystrophin/rAAVrh74.MHCK7.microdystrophin_breakend_prob.bed	../AAVs/rAAVrh74.MHCK7.microdystrophin/rAAVrh74.MHCK7.microdystrophin_ISlen.txt		[900, 1]	101	3201	d57f9a334adb1fc24c3038db0b032cdc
33	HESI_ISA_simulation_033	rep2	config_files/HESI_ISA_simulation_033.yaml	simulation_output/HESI_ISA_simulation_033	rep2_simulated_reads.fastq.gz	HG002	rAAVrh74.MHCK7.microdystrophin	uniform	900/100	../genomes/HG002_GRCh38.hap1.fa	../AAVs/rAAVrh74.MHCK7.microdystrophin/rAAVrh74.MHCK7.microdystrophin.fa	../AAVs/rAAVrh74.MHCK7.microdystrophin/rAAVrh74.MHCK7.microdystrophin_tes_panel.fa	../AAVs/rAAVrh74.MHCK7.microdystrophin/rAAVrh74.MHCK7.microdystrophin_breakend_prob.bed	../AAVs/rAAVrh74.MHCK7.microdystrophin/rAAVrh74.MHCK7.microdystrophin_ISlen.txt		[900, 1]	101	3202	21968dd1ca4ed1822d67daabf5a39260
33	HESI_ISA_simulation_033	rep3	config_files/HESI_ISA_simulation_033.yaml	simulation_output/HESI_ISA_simulation_033	rep3_simulated_reads.fastq.gz	HG002	rAAVrh74.MHCK7.microdystrophin	uniform	900/100	../genomes/HG002_GRCh38.hap1.fa	../AAVs/rAAVrh74.MHCK7.microdystrophin/rAAVrh74.MHCK7.microdystrophin.fa	../AAVs/rAAVrh74.MHCK7.microdystrophin/rAAVrh74.MHCK7.microdystrophin_tes_panel.fa	../AAVs/rAAVrh74.MHCK7.microdystrophin/rAAVrh74.MHCK7.microdystrophin_breakend_prob.bed	../AAVs/rAAVrh74.MHCK7.microdystrophin/rAAVrh74.MHCK7.microdystrophin_ISlen.txt		[900, 1]	101	3203	f6bd5cd4db42caa14dda8a585678dac2
34	HESI_ISA_simulation_034	rep1	config_files/HESI_ISA_simulation_034.yaml	simulation_output/HESI_ISA_simulation_034	rep1_simulated_reads.fastq.gz	HG002	rAAVrh74.MHCK7.microdystrophin	uniform	500/500	../genomes/HG002_GRCh38.hap1.fa	../AAVs/rAAVrh74.MHCK7.microdystrophin/rAAVrh74.MHCK7.microdystrophin.fa	../AAVs/rAAVrh74.MHCK7.microdystrophin/rAAVrh74.MHCK7.microdystrophin_tes_panel.fa	../AAVs/rAAVrh74.MHCK7.microdystrophin/rAAVrh74.MHCK7.microdystrophin_breakend_prob.bed	../AAVs/rAAVrh74.MHCK7.microdystrophin/rAAVrh74.MHCK7.microdystrophin_ISlen.txt		[500, 1]	501	3301	36309bf02eebe6e6f9b13f8257522c58
34	HESI_ISA_simulation_034	rep2	config_files/HESI_ISA_simulation_034.yaml	simulation_output/HESI_ISA_simulation_034	rep2_simulated_reads.fastq.gz	HG002	rAAVrh74.MHCK7.microdystrophin	uniform	500/500	../genomes/HG002_GRCh38.hap1.fa	../AAVs/rAAVrh74.MHCK7.microdystrophin/rAAVrh74.MHCK7.microdystrophin.fa	../AAVs/rAAVrh74.MHCK7.microdystrophin/rAAVrh74.MHCK7.microdystrophin_tes_panel.fa	../AAVs/rAAVrh74.MHCK7.microdystrophin/rAAVrh74.MHCK7.microdystrophin_breakend_prob.bed	../AAVs/rAAVrh74.MHCK7.microdystrophin/rAAVrh74.MHCK7.microdystrophin_ISlen.txt		[500, 1]	501	3302	00cba81f9ae696fe5b51b8115cb92722
34	HESI_ISA_simulation_034	rep3	config_files/HESI_ISA_simulation_034.yaml	simulation_output/HESI_ISA_simulation_034	rep3_simulated_reads.fastq.gz	HG002	rAAVrh74.MHCK7.microdystrophin	uniform	500/500	../genomes/HG002_GRCh38.hap1.fa	../AAVs/rAAVrh74.MHCK7.microdystrophin/rAAVrh74.MHCK7.microdystrophin.fa	../AAVs/rAAVrh74.MHCK7.microdystrophin/rAAVrh74.MHCK7.microdystrophin_tes_panel.fa	../AAVs/rAAVrh74.MHCK7.microdystrophin/rAAVrh74.MHCK7.microdystrophin_breakend_prob.bed	../AAVs/rAAVrh74.MHCK7.microdystrophin/rAAVrh74.MHCK7.microdystrophin_ISlen.txt		[500, 1]	501	3303	e89de092b35d7f9d2b79749aea6e5372
35	HESI_ISA_simulation_035	rep1	config_files/HESI_ISA_simulation_035.yaml	simulation_output/HESI_ISA_simulation_035	rep1_simulated_reads.fastq.gz	HG002	rAAVrh74.MHCK7.microdystrophin	uniform	100/900	../genomes/HG002_GRCh38.hap1.fa	../AAVs/rAAVrh74.MHCK7.microdystrophin/rAAVrh74.MHCK7.microdystrophin.fa	../AAVs/rAAVrh74.MHCK7.microdystrophin/rAAVrh74.MHCK7.microdystrophin_tes_panel.fa	../AAVs/rAAVrh74.MHCK7.microdystrophin/rAAVrh74.MHCK7.microdystrophin_breakend_prob.bed	../AAVs/rAAVrh74.MHCK7.microdystrophin/rAAVrh74.MHCK7.microdystrophin_ISlen.txt		[100, 1]	901	3401	623e780f6e88d4a8a5917d9e788a0764
35	HESI_ISA_simulation_035	rep2	config_files/HESI_ISA_simulation_035.yaml	simulation_output/HESI_ISA_simulation_035	rep2_simulated_reads.fastq.gz	HG002	rAAVrh74.MHCK7.microdystrophin	uniform	100/900	../genomes/HG002_GRCh38.hap1.fa	../AAVs/rAAVrh74.MHCK7.microdystrophin/rAAVrh74.MHCK7.microdystrophin.fa	../AAVs/rAAVrh74.MHCK7.microdystrophin/rAAVrh74.MHCK7.microdystrophin_tes_panel.fa	../AAVs/rAAVrh74.MHCK7.microdystrophin/rAAVrh74.MHCK7.microdystrophin_breakend_prob.bed	../AAVs/rAAVrh74.MHCK7.microdystrophin/rAAVrh74.MHCK7.microdystrophin_ISlen.txt		[100, 1]	901	3402	401eb2f9105d141dbcddce233b86301f
35	HESI_ISA_simulation_035	rep3	config_files/HESI_ISA_simulation_035.yaml	simulation_output/HESI_ISA_simulation_035	rep3_simulated_reads.fastq.gz	HG002	rAAVrh74.MHCK7.microdystrophin	uniform	100/900	../genomes/HG002_GRCh38.hap1.fa	../AAVs/rAAVrh74.MHCK7.microdystrophin/rAAVrh74.MHCK7.microdystrophin.fa	../AAVs/rAAVrh74.MHCK7.microdystrophin/rAAVrh74.MHCK7.microdystrophin_tes_panel.fa	../AAVs/rAAVrh74.MHCK7.microdystrophin/rAAVrh74.MHCK7.microdystrophin_breakend_prob.bed	../AAVs/rAAVrh74.MHCK7.microdystrophin/rAAVrh74.MHCK7.microdystrophin_ISlen.txt		[100, 1]	901	3403	6eba5c3784433c2b030e885162360e01
36	HESI_ISA_simulation_036	rep1	config_files/HESI_ISA_simulation_036.yaml	simulation_output/HESI_ISA_simulation_036	rep1_simulated_reads.fastq.gz	HG002	rAAVrh74.MHCK7.microdystrophin	uniform	1000	../genomes/HG002_GRCh38.hap1.fa	../AAVs/rAAVrh74.MHCK7.microdystrophin/rAAVrh74.MHCK7.microdystrophin.fa	../AAVs/rAAVrh74.MHCK7.microdystrophin/rAAVrh74.MHCK7.microdystrophin_tes_panel.fa	../AAVs/rAAVrh74.MHCK7.microdystrophin/rAAVrh74.MHCK7.microdystrophin_breakend_prob.bed	../AAVs/rAAVrh74.MHCK7.microdystrophin/rAAVrh74.MHCK7.microdystrophin_ISlen.txt		1	1000	3501	c0c9b7bdbd2170f90d999938882e5cb3
36	HESI_ISA_simulation_036	rep2	config_files/HESI_ISA_simulation_036.yaml	simulation_output/HESI_ISA_simulation_036	rep2_simulated_reads.fastq.gz	HG002	rAAVrh74.MHCK7.microdystrophin	uniform	1000	../genomes/HG002_GRCh38.hap1.fa	../AAVs/rAAVrh74.MHCK7.microdystrophin/rAAVrh74.MHCK7.microdystrophin.fa	../AAVs/rAAVrh74.MHCK7.microdystrophin/rAAVrh74.MHCK7.microdystrophin_tes_panel.fa	../AAVs/rAAVrh74.MHCK7.microdystrophin/rAAVrh74.MHCK7.microdystrophin_breakend_prob.bed	../AAVs/rAAVrh74.MHCK7.microdystrophin/rAAVrh74.MHCK7.microdystrophin_ISlen.txt		1	1000	3502	f7400e4379a5c227bb43a99022a425c4
36	HESI_ISA_simulation_036	rep3	config_files/HESI_ISA_simulation_036.yaml	simulation_output/HESI_ISA_simulation_036	rep3_simulated_reads.fastq.gz	HG002	rAAVrh74.MHCK7.microdystrophin	uniform	1000	../genomes/HG002_GRCh38.hap1.fa	../AAVs/rAAVrh74.MHCK7.microdystrophin/rAAVrh74.MHCK7.microdystrophin.fa	../AAVs/rAAVrh74.MHCK7.microdystrophin/rAAVrh74.MHCK7.microdystrophin_tes_panel.fa	../AAVs/rAAVrh74.MHCK7.microdystrophin/rAAVrh74.MHCK7.microdystrophin_breakend_prob.bed	../AAVs/rAAVrh74.MHCK7.microdystrophin/rAAVrh74.MHCK7.microdystrophin_ISlen.txt		1	1000	3503	8dd9cf5a8ab4d167879c00b20b5eae57
37	HESI_ISA_simulation_037	rep1	config_files/HESI_ISA_simulation_037.yaml	simulation_output/HESI_ISA_simulation_037	rep1_simulated_reads.fastq.gz	HG002	rAAVrh74.MHCK7.microdystrophin	Liver	900/100	../genomes/HG002_GRCh38.hap1.fa	../AAVs/rAAVrh74.MHCK7.microdystrophin/rAAVrh74.MHCK7.microdystrophin.fa	../AAVs/rAAVrh74.MHCK7.microdystrophin/rAAVrh74.MHCK7.microdystrophin_tes_panel.fa	../AAVs/rAAVrh74.MHCK7.microdystrophin/rAAVrh74.MHCK7.microdystrophin_breakend_prob.bed	../AAVs/rAAVrh74.MHCK7.microdystrophin/rAAVrh74.MHCK7.microdystrophin_ISlen.txt	../integration_site_bias/liver_integration_bias.bed	[900, 1]	101	3601	c1bb93aabb969a76b71212e8b59b0fb9
37	HESI_ISA_simulation_037	rep2	config_files/HESI_ISA_simulation_037.yaml	simulation_output/HESI_ISA_simulation_037	rep2_simulated_reads.fastq.gz	HG002	rAAVrh74.MHCK7.microdystrophin	Liver	900/100	../genomes/HG002_GRCh38.hap1.fa	../AAVs/rAAVrh74.MHCK7.microdystrophin/rAAVrh74.MHCK7.microdystrophin.fa	../AAVs/rAAVrh74.MHCK7.microdystrophin/rAAVrh74.MHCK7.microdystrophin_tes_panel.fa	../AAVs/rAAVrh74.MHCK7.microdystrophin/rAAVrh74.MHCK7.microdystrophin_breakend_prob.bed	../AAVs/rAAVrh74.MHCK7.microdystrophin/rAAVrh74.MHCK7.microdystrophin_ISlen.txt	../integration_site_bias/liver_integration_bias.bed	[900, 1]	101	3602	082dfe3dc00731257748c894959f25f2
37	HESI_ISA_simulation_037	rep3	config_files/HESI_ISA_simulation_037.yaml	simulation_output/HESI_ISA_simulation_037	rep3_simulated_reads.fastq.gz	HG002	rAAVrh74.MHCK7.microdystrophin	Liver	900/100	../genomes/HG002_GRCh38.hap1.fa	../AAVs/rAAVrh74.MHCK7.microdystrophin/rAAVrh74.MHCK7.microdystrophin.fa	../AAVs/rAAVrh74.MHCK7.microdystrophin/rAAVrh74.MHCK7.microdystrophin_tes_panel.fa	../AAVs/rAAVrh74.MHCK7.microdystrophin/rAAVrh74.MHCK7.microdystrophin_breakend_prob.bed	../AAVs/rAAVrh74.MHCK7.microdystrophin/rAAVrh74.MHCK7.microdystrophin_ISlen.txt	../integration_site_bias/liver_integration_bias.bed	[900, 1]	101	3603	f32a4cfea8612ed9e9a0c2e320b11847
38	HESI_ISA_simulation_038	rep1	config_files/HESI_ISA_simulation_038.yaml	simulation_output/HESI_ISA_simulation_038	rep1_simulated_reads.fastq.gz	HG002	rAAVrh74.MHCK7.microdystrophin	Liver	500/500	../genomes/HG002_GRCh38.hap1.fa	../AAVs/rAAVrh74.MHCK7.microdystrophin/rAAVrh74.MHCK7.microdystrophin.fa	../AAVs/rAAVrh74.MHCK7.microdystrophin/rAAVrh74.MHCK7.microdystrophin_tes_panel.fa	../AAVs/rAAVrh74.MHCK7.microdystrophin/rAAVrh74.MHCK7.microdystrophin_breakend_prob.bed	../AAVs/rAAVrh74.MHCK7.microdystrophin/rAAVrh74.MHCK7.microdystrophin_ISlen.txt	../integration_site_bias/liver_integration_bias.bed	[500, 1]	501	3701	ca1b233bd54cbb7390c52540530c3121
38	HESI_ISA_simulation_038	rep2	config_files/HESI_ISA_simulation_038.yaml	simulation_output/HESI_ISA_simulation_038	rep2_simulated_reads.fastq.gz	HG002	rAAVrh74.MHCK7.microdystrophin	Liver	500/500	../genomes/HG002_GRCh38.hap1.fa	../AAVs/rAAVrh74.MHCK7.microdystrophin/rAAVrh74.MHCK7.microdystrophin.fa	../AAVs/rAAVrh74.MHCK7.microdystrophin/rAAVrh74.MHCK7.microdystrophin_tes_panel.fa	../AAVs/rAAVrh74.MHCK7.microdystrophin/rAAVrh74.MHCK7.microdystrophin_breakend_prob.bed	../AAVs/rAAVrh74.MHCK7.microdystrophin/rAAVrh74.MHCK7.microdystrophin_ISlen.txt	../integration_site_bias/liver_integration_bias.bed	[500, 1]	501	3702	38806a8caca84d574752746ae6fe9e4b
38	HESI_ISA_simulation_038	rep3	config_files/HESI_ISA_simulation_038.yaml	simulation_output/HESI_ISA_simulation_038	rep3_simulated_reads.fastq.gz	HG002	rAAVrh74.MHCK7.microdystrophin	Liver	500/500	../genomes/HG002_GRCh38.hap1.fa	../AAVs/rAAVrh74.MHCK7.microdystrophin/rAAVrh74.MHCK7.microdystrophin.fa	../AAVs/rAAVrh74.MHCK7.microdystrophin/rAAVrh74.MHCK7.microdystrophin_tes_panel.fa	../AAVs/rAAVrh74.MHCK7.microdystrophin/rAAVrh74.MHCK7.microdystrophin_breakend_prob.bed	../AAVs/rAAVrh74.MHCK7.microdystrophin/rAAVrh74.MHCK7.microdystrophin_ISlen.txt	../integration_site_bias/liver_integration_bias.bed	[500, 1]	501	3703	ca0271946af4a801835c9d837faaf151
39	HESI_ISA_simulation_039	rep1	config_files/HESI_ISA_simulation_039.yaml	simulation_output/HESI_ISA_simulation_039	rep1_simulated_reads.fastq.gz	HG002	rAAVrh74.MHCK7.microdystrophin	Liver	100/900	../genomes/HG002_GRCh38.hap1.fa	../AAVs/rAAVrh74.MHCK7.microdystrophin/rAAVrh74.MHCK7.microdystrophin.fa	../AAVs/rAAVrh74.MHCK7.microdystrophin/rAAVrh74.MHCK7.microdystrophin_tes_panel.fa	../AAVs/rAAVrh74.MHCK7.microdystrophin/rAAVrh74.MHCK7.microdystrophin_breakend_prob.bed	../AAVs/rAAVrh74.MHCK7.microdystrophin/rAAVrh74.MHCK7.microdystrophin_ISlen.txt	../integration_site_bias/liver_integration_bias.bed	[100, 1]	901	3801	cef2113631484d82470239c0049b3a9a
39	HESI_ISA_simulation_039	rep2	config_files/HESI_ISA_simulation_039.yaml	simulation_output/HESI_ISA_simulation_039	rep2_simulated_reads.fastq.gz	HG002	rAAVrh74.MHCK7.microdystrophin	Liver	100/900	../genomes/HG002_GRCh38.hap1.fa	../AAVs/rAAVrh74.MHCK7.microdystrophin/rAAVrh74.MHCK7.microdystrophin.fa	../AAVs/rAAVrh74.MHCK7.microdystrophin/rAAVrh74.MHCK7.microdystrophin_tes_panel.fa	../AAVs/rAAVrh74.MHCK7.microdystrophin/rAAVrh74.MHCK7.microdystrophin_breakend_prob.bed	../AAVs/rAAVrh74.MHCK7.microdystrophin/rAAVrh74.MHCK7.microdystrophin_ISlen.txt	../integration_site_bias/liver_integration_bias.bed	[100, 1]	901	3802	eab2efd5fe16019df38855eb31511946
39	HESI_ISA_simulation_039	rep3	config_files/HESI_ISA_simulation_039.yaml	simulation_output/HESI_ISA_simulation_039	rep3_simulated_reads.fastq.gz	HG002	rAAVrh74.MHCK7.microdystrophin	Liver	100/900	../genomes/HG002_GRCh38.hap1.fa	../AAVs/rAAVrh74.MHCK7.microdystrophin/rAAVrh74.MHCK7.microdystrophin.fa	../AAVs/rAAVrh74.MHCK7.microdystrophin/rAAVrh74.MHCK7.microdystrophin_tes_panel.fa	../AAVs/rAAVrh74.MHCK7.microdystrophin/rAAVrh74.MHCK7.microdystrophin_breakend_prob.bed	../AAVs/rAAVrh74.MHCK7.microdystrophin/rAAVrh74.MHCK7.microdystrophin_ISlen.txt	../integration_site_bias/liver_integration_bias.bed	[100, 1]	901	3803	19c242ef58fc711441f9ab1becdcb707
40	HESI_ISA_simulation_040	rep1	config_files/HESI_ISA_simulation_040.yaml	simulation_output/HESI_ISA_simulation_040	rep1_simulated_reads.fastq.gz	HG002	rAAVrh74.MHCK7.microdystrophin	Liver	1000	../genomes/HG002_GRCh38.hap1.fa	../AAVs/rAAVrh74.MHCK7.microdystrophin/rAAVrh74.MHCK7.microdystrophin.fa	../AAVs/rAAVrh74.MHCK7.microdystrophin/rAAVrh74.MHCK7.microdystrophin_tes_panel.fa	../AAVs/rAAVrh74.MHCK7.microdystrophin/rAAVrh74.MHCK7.microdystrophin_breakend_prob.bed	../AAVs/rAAVrh74.MHCK7.microdystrophin/rAAVrh74.MHCK7.microdystrophin_ISlen.txt	../integration_site_bias/liver_integration_bias.bed	1	1000	3901	25d9fc5fed6d4867e034c517050e9b32
40	HESI_ISA_simulation_040	rep2	config_files/HESI_ISA_simulation_040.yaml	simulation_output/HESI_ISA_simulation_040	rep2_simulated_reads.fastq.gz	HG002	rAAVrh74.MHCK7.microdystrophin	Liver	1000	../genomes/HG002_GRCh38.hap1.fa	../AAVs/rAAVrh74.MHCK7.microdystrophin/rAAVrh74.MHCK7.microdystrophin.fa	../AAVs/rAAVrh74.MHCK7.microdystrophin/rAAVrh74.MHCK7.microdystrophin_tes_panel.fa	../AAVs/rAAVrh74.MHCK7.microdystrophin/rAAVrh74.MHCK7.microdystrophin_breakend_prob.bed	../AAVs/rAAVrh74.MHCK7.microdystrophin/rAAVrh74.MHCK7.microdystrophin_ISlen.txt	../integration_site_bias/liver_integration_bias.bed	1	1000	3902	fe9c8b10bc9e2429af471a7d8531f736
40	HESI_ISA_simulation_040	rep3	config_files/HESI_ISA_simulation_040.yaml	simulation_output/HESI_ISA_simulation_040	rep3_simulated_reads.fastq.gz	HG002	rAAVrh74.MHCK7.microdystrophin	Liver	1000	../genomes/HG002_GRCh38.hap1.fa	../AAVs/rAAVrh74.MHCK7.microdystrophin/rAAVrh74.MHCK7.microdystrophin.fa	../AAVs/rAAVrh74.MHCK7.microdystrophin/rAAVrh74.MHCK7.microdystrophin_tes_panel.fa	../AAVs/rAAVrh74.MHCK7.microdystrophin/rAAVrh74.MHCK7.microdystrophin_breakend_prob.bed	../AAVs/rAAVrh74.MHCK7.microdystrophin/rAAVrh74.MHCK7.microdystrophin_ISlen.txt	../integration_site_bias/liver_integration_bias.bed	1	1000	3903	3b3e3ec8dac5f3f49d4cdd84a25088cc
41	HESI_ISA_simulation_041	rep1	config_files/HESI_ISA_simulation_041.yaml	simulation_output/HESI_ISA_simulation_041	rep1_simulated_reads.fastq.gz	HG002	pFZ-CBI-CAG-FXNco3	uniform	900/100	../genomes/HG002_GRCh38.hap1.fa	../AAVs/pFZ-CBI-CAG-FXNco3/pFZ-CBI-CAG-FXNco3.fa	../AAVs/pFZ-CBI-CAG-FXNco3/pFZ-CBI-CAG-FXNco3_tes_panel.fa	../AAVs/pFZ-CBI-CAG-FXNco3/pFZ-CBI-CAG-FXNco3_breakend_prob.bed	../AAVs/pFZ-CBI-CAG-FXNco3/pFZ-CBI-CAG-FXNco3_ISlen.txt		[900, 1]	101	4001	8707b67ff178e8dc68e1a0acfb6a8e24
41	HESI_ISA_simulation_041	rep2	config_files/HESI_ISA_simulation_041.yaml	simulation_output/HESI_ISA_simulation_041	rep2_simulated_reads.fastq.gz	HG002	pFZ-CBI-CAG-FXNco3	uniform	900/100	../genomes/HG002_GRCh38.hap1.fa	../AAVs/pFZ-CBI-CAG-FXNco3/pFZ-CBI-CAG-FXNco3.fa	../AAVs/pFZ-CBI-CAG-FXNco3/pFZ-CBI-CAG-FXNco3_tes_panel.fa	../AAVs/pFZ-CBI-CAG-FXNco3/pFZ-CBI-CAG-FXNco3_breakend_prob.bed	../AAVs/pFZ-CBI-CAG-FXNco3/pFZ-CBI-CAG-FXNco3_ISlen.txt		[900, 1]	101	4002	6c5932d30ae552cbcd9bb67b6a7236df
41	HESI_ISA_simulation_041	rep3	config_files/HESI_ISA_simulation_041.yaml	simulation_output/HESI_ISA_simulation_041	rep3_simulated_reads.fastq.gz	HG002	pFZ-CBI-CAG-FXNco3	uniform	900/100	../genomes/HG002_GRCh38.hap1.fa	../AAVs/pFZ-CBI-CAG-FXNco3/pFZ-CBI-CAG-FXNco3.fa	../AAVs/pFZ-CBI-CAG-FXNco3/pFZ-CBI-CAG-FXNco3_tes_panel.fa	../AAVs/pFZ-CBI-CAG-FXNco3/pFZ-CBI-CAG-FXNco3_breakend_prob.bed	../AAVs/pFZ-CBI-CAG-FXNco3/pFZ-CBI-CAG-FXNco3_ISlen.txt		[900, 1]	101	4003	b0a919fab2fd4a5f368a6f6320af9a15
42	HESI_ISA_simulation_042	rep1	config_files/HESI_ISA_simulation_042.yaml	simulation_output/HESI_ISA_simulation_042	rep1_simulated_reads.fastq.gz	HG002	pFZ-CBI-CAG-FXNco3	uniform	500/500	../genomes/HG002_GRCh38.hap1.fa	../AAVs/pFZ-CBI-CAG-FXNco3/pFZ-CBI-CAG-FXNco3.fa	../AAVs/pFZ-CBI-CAG-FXNco3/pFZ-CBI-CAG-FXNco3_tes_panel.fa	../AAVs/pFZ-CBI-CAG-FXNco3/pFZ-CBI-CAG-FXNco3_breakend_prob.bed	../AAVs/pFZ-CBI-CAG-FXNco3/pFZ-CBI-CAG-FXNco3_ISlen.txt		[500, 1]	501	4101	14b64507df088b6ae3b1d59082a62c81
42	HESI_ISA_simulation_042	rep2	config_files/HESI_ISA_simulation_042.yaml	simulation_output/HESI_ISA_simulation_042	rep2_simulated_reads.fastq.gz	HG002	pFZ-CBI-CAG-FXNco3	uniform	500/500	../genomes/HG002_GRCh38.hap1.fa	../AAVs/pFZ-CBI-CAG-FXNco3/pFZ-CBI-CAG-FXNco3.fa	../AAVs/pFZ-CBI-CAG-FXNco3/pFZ-CBI-CAG-FXNco3_tes_panel.fa	../AAVs/pFZ-CBI-CAG-FXNco3/pFZ-CBI-CAG-FXNco3_breakend_prob.bed	../AAVs/pFZ-CBI-CAG-FXNco3/pFZ-CBI-CAG-FXNco3_ISlen.txt		[500, 1]	501	4102	82fee5f0470cec53e53ae6e64c24ed02
42	HESI_ISA_simulation_042	rep3	config_files/HESI_ISA_simulation_042.yaml	simulation_output/HESI_ISA_simulation_042	rep3_simulated_reads.fastq.gz	HG002	pFZ-CBI-CAG-FXNco3	uniform	500/500	../genomes/HG002_GRCh38.hap1.fa	../AAVs/pFZ-CBI-CAG-FXNco3/pFZ-CBI-CAG-FXNco3.fa	../AAVs/pFZ-CBI-CAG-FXNco3/pFZ-CBI-CAG-FXNco3_tes_panel.fa	../AAVs/pFZ-CBI-CAG-FXNco3/pFZ-CBI-CAG-FXNco3_breakend_prob.bed	../AAVs/pFZ-CBI-CAG-FXNco3/pFZ-CBI-CAG-FXNco3_ISlen.txt		[500, 1]	501	4103	57c791e8a425900b1ee555294be47f3d
43	HESI_ISA_simulation_043	rep1	config_files/HESI_ISA_simulation_043.yaml	simulation_output/HESI_ISA_simulation_043	rep1_simulated_reads.fastq.gz	HG002	pFZ-CBI-CAG-FXNco3	uniform	100/900	../genomes/HG002_GRCh38.hap1.fa	../AAVs/pFZ-CBI-CAG-FXNco3/pFZ-CBI-CAG-FXNco3.fa	../AAVs/pFZ-CBI-CAG-FXNco3/pFZ-CBI-CAG-FXNco3_tes_panel.fa	../AAVs/pFZ-CBI-CAG-FXNco3/pFZ-CBI-CAG-FXNco3_breakend_prob.bed	../AAVs/pFZ-CBI-CAG-FXNco3/pFZ-CBI-CAG-FXNco3_ISlen.txt		[100, 1]	901	4201	dae26b79c709c90a9dce9e16d5f80b15
43	HESI_ISA_simulation_043	rep2	config_files/HESI_ISA_simulation_043.yaml	simulation_output/HESI_ISA_simulation_043	rep2_simulated_reads.fastq.gz	HG002	pFZ-CBI-CAG-FXNco3	uniform	100/900	../genomes/HG002_GRCh38.hap1.fa	../AAVs/pFZ-CBI-CAG-FXNco3/pFZ-CBI-CAG-FXNco3.fa	../AAVs/pFZ-CBI-CAG-FXNco3/pFZ-CBI-CAG-FXNco3_tes_panel.fa	../AAVs/pFZ-CBI-CAG-FXNco3/pFZ-CBI-CAG-FXNco3_breakend_prob.bed	../AAVs/pFZ-CBI-CAG-FXNco3/pFZ-CBI-CAG-FXNco3_ISlen.txt		[100, 1]	901	4202	ad506cdc6eaf5d53654b4427385abeba
43	HESI_ISA_simulation_043	rep3	config_files/HESI_ISA_simulation_043.yaml	simulation_output/HESI_ISA_simulation_043	rep3_simulated_reads.fastq.gz	HG002	pFZ-CBI-CAG-FXNco3	uniform	100/900	../genomes/HG002_GRCh38.hap1.fa	../AAVs/pFZ-CBI-CAG-FXNco3/pFZ-CBI-CAG-FXNco3.fa	../AAVs/pFZ-CBI-CAG-FXNco3/pFZ-CBI-CAG-FXNco3_tes_panel.fa	../AAVs/pFZ-CBI-CAG-FXNco3/pFZ-CBI-CAG-FXNco3_breakend_prob.bed	../AAVs/pFZ-CBI-CAG-FXNco3/pFZ-CBI-CAG-FXNco3_ISlen.txt		[100, 1]	901	4203	31f6d7501fbc699747da5c977bb2d8f1
44	HESI_ISA_simulation_044	rep1	config_files/HESI_ISA_simulation_044.yaml	simulation_output/HESI_ISA_simulation_044	rep1_simulated_reads.fastq.gz	HG002	pFZ-CBI-CAG-FXNco3	uniform	1000	../genomes/HG002_GRCh38.hap1.fa	../AAVs/pFZ-CBI-CAG-FXNco3/pFZ-CBI-CAG-FXNco3.fa	../AAVs/pFZ-CBI-CAG-FXNco3/pFZ-CBI-CAG-FXNco3_tes_panel.fa	../AAVs/pFZ-CBI-CAG-FXNco3/pFZ-CBI-CAG-FXNco3_breakend_prob.bed	../AAVs/pFZ-CBI-CAG-FXNco3/pFZ-CBI-CAG-FXNco3_ISlen.txt		1	1000	4301	2b5a1c6ebaaeac64af86d270c2d84709
44	HESI_ISA_simulation_044	rep2	config_files/HESI_ISA_simulation_044.yaml	simulation_output/HESI_ISA_simulation_044	rep2_simulated_reads.fastq.gz	HG002	pFZ-CBI-CAG-FXNco3	uniform	1000	../genomes/HG002_GRCh38.hap1.fa	../AAVs/pFZ-CBI-CAG-FXNco3/pFZ-CBI-CAG-FXNco3.fa	../AAVs/pFZ-CBI-CAG-FXNco3/pFZ-CBI-CAG-FXNco3_tes_panel.fa	../AAVs/pFZ-CBI-CAG-FXNco3/pFZ-CBI-CAG-FXNco3_breakend_prob.bed	../AAVs/pFZ-CBI-CAG-FXNco3/pFZ-CBI-CAG-FXNco3_ISlen.txt		1	1000	4302	fa6e6ae56284ef32819544f0b57920aa
44	HESI_ISA_simulation_044	rep3	config_files/HESI_ISA_simulation_044.yaml	simulation_output/HESI_ISA_simulation_044	rep3_simulated_reads.fastq.gz	HG002	pFZ-CBI-CAG-FXNco3	uniform	1000	../genomes/HG002_GRCh38.hap1.fa	../AAVs/pFZ-CBI-CAG-FXNco3/pFZ-CBI-CAG-FXNco3.fa	../AAVs/pFZ-CBI-CAG-FXNco3/pFZ-CBI-CAG-FXNco3_tes_panel.fa	../AAVs/pFZ-CBI-CAG-FXNco3/pFZ-CBI-CAG-FXNco3_breakend_prob.bed	../AAVs/pFZ-CBI-CAG-FXNco3/pFZ-CBI-CAG-FXNco3_ISlen.txt		1	1000	4303	75cc7751edc18b03e7ef995f20b45c5b
45	HESI_ISA_simulation_045	rep1	config_files/HESI_ISA_simulation_045.yaml	simulation_output/HESI_ISA_simulation_045	rep1_simulated_reads.fastq.gz	HG002	pFZ-CBI-CAG-FXNco3	Liver	900/100	../genomes/HG002_GRCh38.hap1.fa	../AAVs/pFZ-CBI-CAG-FXNco3/pFZ-CBI-CAG-FXNco3.fa	../AAVs/pFZ-CBI-CAG-FXNco3/pFZ-CBI-CAG-FXNco3_tes_panel.fa	../AAVs/pFZ-CBI-CAG-FXNco3/pFZ-CBI-CAG-FXNco3_breakend_prob.bed	../AAVs/pFZ-CBI-CAG-FXNco3/pFZ-CBI-CAG-FXNco3_ISlen.txt	../integration_site_bias/liver_integration_bias.bed	[900, 1]	101	4401	aab323b67ac5afe358fd2147201e0a37
45	HESI_ISA_simulation_045	rep2	config_files/HESI_ISA_simulation_045.yaml	simulation_output/HESI_ISA_simulation_045	rep2_simulated_reads.fastq.gz	HG002	pFZ-CBI-CAG-FXNco3	Liver	900/100	../genomes/HG002_GRCh38.hap1.fa	../AAVs/pFZ-CBI-CAG-FXNco3/pFZ-CBI-CAG-FXNco3.fa	../AAVs/pFZ-CBI-CAG-FXNco3/pFZ-CBI-CAG-FXNco3_tes_panel.fa	../AAVs/pFZ-CBI-CAG-FXNco3/pFZ-CBI-CAG-FXNco3_breakend_prob.bed	../AAVs/pFZ-CBI-CAG-FXNco3/pFZ-CBI-CAG-FXNco3_ISlen.txt	../integration_site_bias/liver_integration_bias.bed	[900, 1]	101	4402	52d653236e66d0f5532e5f4166700d68
45	HESI_ISA_simulation_045	rep3	config_files/HESI_ISA_simulation_045.yaml	simulation_output/HESI_ISA_simulation_045	rep3_simulated_reads.fastq.gz	HG002	pFZ-CBI-CAG-FXNco3	Liver	900/100	../genomes/HG002_GRCh38.hap1.fa	../AAVs/pFZ-CBI-CAG-FXNco3/pFZ-CBI-CAG-FXNco3.fa	../AAVs/pFZ-CBI-CAG-FXNco3/pFZ-CBI-CAG-FXNco3_tes_panel.fa	../AAVs/pFZ-CBI-CAG-FXNco3/pFZ-CBI-CAG-FXNco3_breakend_prob.bed	../AAVs/pFZ-CBI-CAG-FXNco3/pFZ-CBI-CAG-FXNco3_ISlen.txt	../integration_site_bias/liver_integration_bias.bed	[900, 1]	101	4403	be4454ef003313d1e48fa55a41f658db
46	HESI_ISA_simulation_046	rep1	config_files/HESI_ISA_simulation_046.yaml	simulation_output/HESI_ISA_simulation_046	rep1_simulated_reads.fastq.gz	HG002	pFZ-CBI-CAG-FXNco3	Liver	500/500	../genomes/HG002_GRCh38.hap1.fa	../AAVs/pFZ-CBI-CAG-FXNco3/pFZ-CBI-CAG-FXNco3.fa	../AAVs/pFZ-CBI-CAG-FXNco3/pFZ-CBI-CAG-FXNco3_tes_panel.fa	../AAVs/pFZ-CBI-CAG-FXNco3/pFZ-CBI-CAG-FXNco3_breakend_prob.bed	../AAVs/pFZ-CBI-CAG-FXNco3/pFZ-CBI-CAG-FXNco3_ISlen.txt	../integration_site_bias/liver_integration_bias.bed	[500, 1]	501	4501	838609899c0d90b5355f64e422528496
46	HESI_ISA_simulation_046	rep2	config_files/HESI_ISA_simulation_046.yaml	simulation_output/HESI_ISA_simulation_046	rep2_simulated_reads.fastq.gz	HG002	pFZ-CBI-CAG-FXNco3	Liver	500/500	../genomes/HG002_GRCh38.hap1.fa	../AAVs/pFZ-CBI-CAG-FXNco3/pFZ-CBI-CAG-FXNco3.fa	../AAVs/pFZ-CBI-CAG-FXNco3/pFZ-CBI-CAG-FXNco3_tes_panel.fa	../AAVs/pFZ-CBI-CAG-FXNco3/pFZ-CBI-CAG-FXNco3_breakend_prob.bed	../AAVs/pFZ-CBI-CAG-FXNco3/pFZ-CBI-CAG-FXNco3_ISlen.txt	../integration_site_bias/liver_integration_bias.bed	[500, 1]	501	4502	b709dcc688eab53a6b7c3f1829fecfae
46	HESI_ISA_simulation_046	rep3	config_files/HESI_ISA_simulation_046.yaml	simulation_output/HESI_ISA_simulation_046	rep3_simulated_reads.fastq.gz	HG002	pFZ-CBI-CAG-FXNco3	Liver	500/500	../genomes/HG002_GRCh38.hap1.fa	../AAVs/pFZ-CBI-CAG-FXNco3/pFZ-CBI-CAG-FXNco3.fa	../AAVs/pFZ-CBI-CAG-FXNco3/pFZ-CBI-CAG-FXNco3_tes_panel.fa	../AAVs/pFZ-CBI-CAG-FXNco3/pFZ-CBI-CAG-FXNco3_breakend_prob.bed	../AAVs/pFZ-CBI-CAG-FXNco3/pFZ-CBI-CAG-FXNco3_ISlen.txt	../integration_site_bias/liver_integration_bias.bed	[500, 1]	501	4503	f64f19b149d521b565c677653eade5cd
47	HESI_ISA_simulation_047	rep1	config_files/HESI_ISA_simulation_047.yaml	simulation_output/HESI_ISA_simulation_047	rep1_simulated_reads.fastq.gz	HG002	pFZ-CBI-CAG-FXNco3	Liver	100/900	../genomes/HG002_GRCh38.hap1.fa	../AAVs/pFZ-CBI-CAG-FXNco3/pFZ-CBI-CAG-FXNco3.fa	../AAVs/pFZ-CBI-CAG-FXNco3/pFZ-CBI-CAG-FXNco3_tes_panel.fa	../AAVs/pFZ-CBI-CAG-FXNco3/pFZ-CBI-CAG-FXNco3_breakend_prob.bed	../AAVs/pFZ-CBI-CAG-FXNco3/pFZ-CBI-CAG-FXNco3_ISlen.txt	../integration_site_bias/liver_integration_bias.bed	[100, 1]	901	4601	ede93755581a70fb582c1dbaa3371edb
47	HESI_ISA_simulation_047	rep2	config_files/HESI_ISA_simulation_047.yaml	simulation_output/HESI_ISA_simulation_047	rep2_simulated_reads.fastq.gz	HG002	pFZ-CBI-CAG-FXNco3	Liver	100/900	../genomes/HG002_GRCh38.hap1.fa	../AAVs/pFZ-CBI-CAG-FXNco3/pFZ-CBI-CAG-FXNco3.fa	../AAVs/pFZ-CBI-CAG-FXNco3/pFZ-CBI-CAG-FXNco3_tes_panel.fa	../AAVs/pFZ-CBI-CAG-FXNco3/pFZ-CBI-CAG-FXNco3_breakend_prob.bed	../AAVs/pFZ-CBI-CAG-FXNco3/pFZ-CBI-CAG-FXNco3_ISlen.txt	../integration_site_bias/liver_integration_bias.bed	[100, 1]	901	4602	cfef5544fd708ced1b50d90619af666c
47	HESI_ISA_simulation_047	rep3	config_files/HESI_ISA_simulation_047.yaml	simulation_output/HESI_ISA_simulation_047	rep3_simulated_reads.fastq.gz	HG002	pFZ-CBI-CAG-FXNco3	Liver	100/900	../genomes/HG002_GRCh38.hap1.fa	../AAVs/pFZ-CBI-CAG-FXNco3/pFZ-CBI-CAG-FXNco3.fa	../AAVs/pFZ-CBI-CAG-FXNco3/pFZ-CBI-CAG-FXNco3_tes_panel.fa	../AAVs/pFZ-CBI-CAG-FXNco3/pFZ-CBI-CAG-FXNco3_breakend_prob.bed	../AAVs/pFZ-CBI-CAG-FXNco3/pFZ-CBI-CAG-FXNco3_ISlen.txt	../integration_site_bias/liver_integration_bias.bed	[100, 1]	901	4603	773ba888e6c5fc40a53ea7a1a7efe466
48	HESI_ISA_simulation_048	rep1	config_files/HESI_ISA_simulation_048.yaml	simulation_output/HESI_ISA_simulation_048	rep1_simulated_reads.fastq.gz	HG002	pFZ-CBI-CAG-FXNco3	Liver	1000	../genomes/HG002_GRCh38.hap1.fa	../AAVs/pFZ-CBI-CAG-FXNco3/pFZ-CBI-CAG-FXNco3.fa	../AAVs/pFZ-CBI-CAG-FXNco3/pFZ-CBI-CAG-FXNco3_tes_panel.fa	../AAVs/pFZ-CBI-CAG-FXNco3/pFZ-CBI-CAG-FXNco3_breakend_prob.bed	../AAVs/pFZ-CBI-CAG-FXNco3/pFZ-CBI-CAG-FXNco3_ISlen.txt	../integration_site_bias/liver_integration_bias.bed	1	1000	4701	536a2d2eabadf4884212105eebba26a6
48	HESI_ISA_simulation_048	rep2	config_files/HESI_ISA_simulation_048.yaml	simulation_output/HESI_ISA_simulation_048	rep2_simulated_reads.fastq.gz	HG002	pFZ-CBI-CAG-FXNco3	Liver	1000	../genomes/HG002_GRCh38.hap1.fa	../AAVs/pFZ-CBI-CAG-FXNco3/pFZ-CBI-CAG-FXNco3.fa	../AAVs/pFZ-CBI-CAG-FXNco3/pFZ-CBI-CAG-FXNco3_tes_panel.fa	../AAVs/pFZ-CBI-CAG-FXNco3/pFZ-CBI-CAG-FXNco3_breakend_prob.bed	../AAVs/pFZ-CBI-CAG-FXNco3/pFZ-CBI-CAG-FXNco3_ISlen.txt	../integration_site_bias/liver_integration_bias.bed	1	1000	4702	bfdf55b115d7346b7bef7a99804b296f
48	HESI_ISA_simulation_048	rep3	config_files/HESI_ISA_simulation_048.yaml	simulation_output/HESI_ISA_simulation_048	rep3_simulated_reads.fastq.gz	HG002	pFZ-CBI-CAG-FXNco3	Liver	1000	../genomes/HG002_GRCh38.hap1.fa	../AAVs/pFZ-CBI-CAG-FXNco3/pFZ-CBI-CAG-FXNco3.fa	../AAVs/pFZ-CBI-CAG-FXNco3/pFZ-CBI-CAG-FXNco3_tes_panel.fa	../AAVs/pFZ-CBI-CAG-FXNco3/pFZ-CBI-CAG-FXNco3_breakend_prob.bed	../AAVs/pFZ-CBI-CAG-FXNco3/pFZ-CBI-CAG-FXNco3_ISlen.txt	../integration_site_bias/liver_integration_bias.bed	1	1000	4703	6332eba1603d113642ad3cdd1c81dc4f
